name,price,location,sold,link,date
Asus Zenbook UX431FL i7 10510 8GB 512ssd MX250 2GB W10 14.0FHD,14.249.000,Jakarta Utara,3,https://ta.tokopedia.com/promo/v1/clicks/8a-xgVY2gmUE6AJaHsed6AUDUMVj9RzNrc1i6sJDUSC5rfB7q3YXUsthbm-7q3OBUsthosJF6_eNoAKdbm-srcHi6sHOHmFiy3zwrfo5rM1i6sJaoAnXHprfbm-pHOYDQfri6i-B812kgJxGgBBXZSgjH7NDZ325q1O2oIxvucH7_1z-8JY1ypzozJBd_OzSq1hAZM2jZJ2Myp-3qcoW_MY-qMY2_uzCP1Y1gRPo8MWN_uzuHjYJ39B68BJhZ3BRq3JausujHsBN3jyN8Bja69Bq17jfZ32Cq1hAZSuiHsuk3Bo-ojBW1_zoQ1gW3M2cq1h1QcW6zJB7_jzoo1Y_HAuqQ17p_VzsHJOEqRBgHjja3BzzHV22Z9o-Q_BNyuPjrc-D63Wq3J-MyuPzq1Y2Z9P-q9P2ysoGrVtaQIuyH7-Nys-ZHujp1MgxuOV2_fB-P7B2PfBiH72F3s-DPuKp_MYiH7-MyuPzq1Y2Z9P-q9P2yOx3QcoXQcgjz7gXyRB-ojBD_jgZHAVcuchZgBouo1u983ztypo38jBUrchiQ12fys-pQBxy8AxizJNM_920oJOX8AxizJ2pysoj6cgc_jgZHAVcuchZgB-uo1x983ztypo38jBUrchiQ12fys-pQBxy8AxizJgpysoj6cgIPI2qufedgjx6Hc-_Z9o-QjNkysoGQVKaZSBiHfzE3Bo-ojBkZ_-oepeF_7zuH1OJqRPozcPR_jzCH1NAZ9o-QjNkysoGQVKp_Mhg3J2ky1o-ojBkZ_o6epep_7zz81OJ3_uozVuN_S2-8jN2Zsjibm-Orfua9fBjUstiHmUDUMVDgaUEUSo7QuY0rfuS9fFp9fFa9fFhUiFiQSuWyMua9fYM9fVjraUEH_1DUMNOQ3-BrBYxgIowrMuhUstaHmFiyfV79fBjraUE3pUNoaFp6Ae7bAHN6A-Pbm-X9foxQMz2gcV7guYxgIHi6sJObm-xyBY7g9o7Usti_iUDUSC5rRzwy3hSUstiyRCs9RotQRCwP3NhUiFiPMuarfB5QiUEUSyaUiFiyfhOrRzBrBY2gVYfHiUE6_eRoiFiyfV7g3P5rSBwrRuSgfupPVYxPIzaq3-OPc1i6BDiHpjdHiUDUsHN6AeibmUp6_KfUiFiHpyibmU7HAndUBOY?dv=desktop&r=https%3A%2F%2Fwww.tokopedia.com%2Fmimomart%2Fasus-zenbook-ux431fl-i7-10510-8gb-512ssd-mx250-2gb-w10-14-0fhd%3Fsrc%3Dtopads&src=search&keywords=asus+zenbook&t=desktop&is_search=1&management_type=1&ob=23&page=1,18-01-2021
Asus Zenbook UX431FL - i7 10510U 8GB 512ssd MX250 2GB WINDOWS 10,14.199.000,Jakarta Utara,3,https://ta.tokopedia.com/promo/v1/clicks/8a-xgVY2gmUE6AyOHAUF6ArDUMVj9RzNrc1i6sJDUSC5rfB7q3YXUstabm-7q3OBUsthosJF6_eNoAKdbm-srcHi6seFHmFiy3zwrfo5rM1i6sJh6_JX6AeN6ZFirpowQcYSUstig9BGqMzUZMggQj2fgAo6QJBkQfBoe7BpZ3O6HcoD692qu7gN3_-Sq1Y2Z9P-q9P2y_-3o3ea69BqzsBE3_UN8u2_Z_g-qjV2_JoGP3Uao32q17jfZ3OzoJOWzMOqqjg2_VzDq7NJZ9z6zJ7O_OHFou2W__oHucHF_9208ujaZ_-quVJF3MB-r7BW69BxufzFyMFNqO2yeMgxuOV2_fB-P7B2PfBiH72F3s-DPuKpeSBiHBUh3_oZgMV913Bvq1BRZ3BRq3UpZSCqHMhO3Ao6QfUpeMgxuOV2_fB-P7B2PfBs3VgDyfNDgMzIzMNs81jfZ3h6zBUFH1g1QV-M1O1OzuPNgcxsHOgEZ1xFQc-WZSgiHSoX3Vxd6c-J_Mgo8MD7_3Nd6c-JZSoiHfedgjg6zBUFH1g1QV-M1B1OZVPNgcxsHOgEZ1xFQc-WZSgiHSoX3Vxd6c-JzSoiHfedgjP78B29gAxMZJdFyBo-r7BX_M2iH72D3A-G83UpgI2q17jfZ32-HjYAoAVvzJON_32s8JY1__C6zcWEZ3BRq3Ha_SgsQugMyp-3qcoW_MY-qMY2_32gHJhke926zJJp_OzSP7NEyRxvuJB2gBJYvZUDUSupg9-wq3ei6iUFUiFiy3hSUstirRzW9fWpg3PwQAowQA-wQAJibm-XP3Oig9-wQfgwy3zpUsthoZFiQSuWyMua9fVjrOYag9Ji6sUFbm-sy9zwq3zpUs2QHsjRbAHdoAeDHpjdHB7DUMNwyfVXgcBjy9zB9fVjraUEH_1DUMVi9RzBrRei6i-6UiFircYpPVYxQcri6i-srcowrfx5rVYOQSJibm-fg9-pq3YXUstiPsUibm-sQIupPcua9fBj9RyaUstaHpKRHiFiyfV7g3P5rSBwrRuSgfupPVYxPIzaq3-OPc1i6BDiHpjdHiUDUsHN6AeibmUp6_KfUiFiHpyibmU7HAndUBOY?keywords=asus+zenbook&t=desktop&r=https%3A%2F%2Fwww.tokopedia.com%2Ftoptech%2Fasus-zenbook-ux431fl-i7-10510u-8gb-512ssd-mx250-2gb-windows-10%3Fsrc%3Dtopads&src=search&ob=23&page=1&management_type=1&dv=desktop&is_search=1,18-01-2021
LAPTOP ASUS ZENBOOK UX325EA EG551TS/Core i5 1135G7/8GB/SSD 512GB,15.263.200,Surabaya,1,https://ta.tokopedia.com/promo/v1/clicks/8a-xgVY2gmUEopjO6_ya6_eDUMVj9RzNrc1i6sJDUSC5rfB7q3YXUstpbm-7q3OBUsthosJF6_eNoAKdbm-srcHi6sUfHaFiy3zwrfo5rM1i6sJh6AnX6_rhomFirpowQcYSUstig9BGqMzUZMggQj2fgAo6QJBkQfBoe7BpZ3O6HcoD692qu7gN3_-Sq1Y2Z9xHqBu2_JoGrB2yQAoiH7203Ao6qMUpZMh-qMY2_1o-r7BWo9giQ1NDZ325qu2JgRBguO2W_uP-PJY91_Coq_nF_920o1h1QcOg8Mo7_S2z8jY1ZM2gqB2D_jzZQ1B2PfBiH72F3s-DPuKa1MhszsBF3jo-ojBke3BHe72fyfODQMV9o3gsZJ2f3jx3qMzc69Cqe7jfZ32Cq1hAZSgsQ3hXyurOgMHaqIgszsBF3jo-ojBke3BHe72dgVP383u36_CgufzEZ325qu1Fujx1uugvujyNZBz01M-GHjgEgVxogfuWuSugQ_Bfy9BjgcgU8IooH_xE_OzS83gU8IooQ9xfgAod6V1Fujx1uugvujyNzBz0gc-GHjgEgVxogfuWuSugQ_Bfy9BjgcgU8IoouRxfgAod6cJp_MhqHRKdypoZPJB2PfBsHjNfyfO3gBBXZSgjH7NDZ325q1Oku_zHqBj7_1zSo1YJ3_u6qjjO_92CH7B2PfBsHjNfyfO3gMHauMxsQ1N5Z325q1Ok39xHqBBN_jzVH1Ok3_uozJuE_Oz-q3gzv_7ibm-Orfua9fBjUstiHmUDUMVDgaUEUSo7QuY0rfuS9fFp9fFa9fFhUiFiQSuWyMua9fYM9fVjraUEH_1DUMNOQ3-BrBYxgIowrMuhUstaHmFiyfV79fBjraUE3pUNoaFp6Ae7bAHN6A-Pbm-X9foxQMz2gcV7guYxgIHi6sJObm-xyBY7g9o7Usti_iUDUSC5rRzwy3hSUstiyRCs9RotQRCwP3NhUiFiPMuarfB5QiUEUSyaUiFiyfhOrRzBrBY2gVYfHiUEH_H7HpHDUMoxPcuSQR-N9RoOgfPBrRzwy9z7rMBiP9zBUs2QUsHN6AUibmUp6_K7UiFiHpjdoiUDUsHfUiFioAnF6m-Pwe?r=https%3A%2F%2Fwww.tokopedia.com%2Fmkpaccessories%2Flaptop-asus-zenbook-ux325ea-eg551ts-core-i5-1135g7-8gb-ssd-512gb%3Fsrc%3Dtopads&management_type=1&dv=desktop&keywords=asus+zenbook&ob=23&page=1&t=desktop&src=search&is_search=1,18-01-2021
Asus Zenbook Duo UX481FA i5 10210U Ram 8GB SSD 512GB Not UX481FL i7,17.050.000,Tangerang Selatan,1,https://ta.tokopedia.com/promo/v1/clicks/8a-xgVY2gmUE6A1hHAH7HpJDUMVj9RzNrc1i6sJDUSC5rfB7q3YXUst7bm-7q3OBUsthosJF6_eNoAKdbm-srcHi6seFHmFiy3zwrfo5rM1i6srhoidf6_rdbm-pHOYDQfri6i-B812kgJxGgBBXZSgjH7NDZ325q1OAZ9o-Q1dFyfFN8B29zSBgHMP2_fB-81N2oA-6qBja_M2gHjNk3_-6qBja_M2Sq1hAZS-q3cFpysoGqOKp_M2iH72DZ325q1OAZ9o-Q_ufyMO6QJBkQfBqzcPN3uPqQ1O9Z9zvuOJF_3jFHJOEqpuHuchW392sPJNE192vuJ2k332qQJNJ1MO-q9P2ysoGrVtaQIuyHB-Dy7yNrV2AZ_g-qjV2_JoGPMoWQcNxupuMy7xGPB2UuM2jzsBF3jo-ojBke3BHe72fyfODQMV9o3gsHMxfy7yNrV2AZ_g-qjV2_JoG8cz9uSBBusjF3uPj8jBkQfBizJNM_920oJNU8AxuHVgUuVu3_Ogc6121qO-iZs-c8Mzy_3PBQugO337NPMVNgczMZIxp_3OdPMep8AxuHVgUuVu3_Ogc61g1qfziZs-c8Mzy_3PBQugO337NPMVNgczMZIxp_uPdPMep8AxxH7ND3sod6cHp1Sz-q9P2yp-6PMoWuMggQj2fgAo6QJBkQfBoqB17_c2uHjNJu_ovuJJF_S2z81Y_Z9o-QjNkysoGQVKp_Mhg3J2ky1o-ojBk_9P6q_e7_1zuH1Nkypo6uVVN_jz0H7N_Zsjibm-Orfua9fBjUstiHmUDUMVDgaUEUSo7QuY0rfuS9fFp9fFa9fFhUiFiQSuWyMua9fYM9fVjraUEH_1DUMNOQ3-BrBYxgIowrMuhUstaHmFiyfV79fBjraUE3pUNoaFp6Ae7bAHN6AzPbm-X9foxQMz2gcV7guYxgIHi6sJObm-xyBY7g9o7Usti_iUDUSC5rRzwy3hSUstiyRCs9RotQRCwP3NhUiFiPMuarfB5QiUEUSyaUiFiyfhOrRzBrBY2gVYfHiUEH_H7HpHDUMoxPcuSQR-N9RoOgfPBrRzwy9z7rMBiP9zBUs2QUsHN6AUibmUp6_K7UiFiHpjdoiUDUsHfUiFioAnF6m-Pwe?page=1&ob=23&management_type=1&dv=desktop&keywords=asus+zenbook&t=desktop&src=search&is_search=1&r=https%3A%2F%2Fwww.tokopedia.com%2Fhayrul17%2Fasus-zenbook-duo-ux481fa-i5-10210u-ram-8gb-ssd-512gb-not-ux481fl-i7%3Fsrc%3Dtopads,18-01-2021
Asus Zenbook Q407iQ Ryzen 5 4500 8GB 256ssd MX350 2GB 14FHD W10 - 256GB,10.799.000,Jakarta Utara,1,https://ta.tokopedia.com/promo/v1/clicks/8a-xgVY2gmUEopHF6_jfosHDUMVj9RzNrc1i6sJDUSC5rfB7q3YXUstObm-7q3OBUsthosJF6_eNoAKdbm-srcHi6seFHmFiy3zwrfo5rM1i6sya6mdfHsUpbm-pHOYDQfri6i-B812kgJxGgBBXZSgjH7NDZ325q1OAZ9o-Q1dFyfFN8B29zSBgHMP2_fB-P7B2PfBxHByOgAUN8u2c692gHsBN3Bo-ojBke3BHe72OysUOqB2_Z_g-QuJ7_3OcQu2kzMBHuch0_jz-PJNJ__uv1pnO3MOoH7h1ypCo8MWN3_--HB211_Cqq1BpZ37N83V9gICiQAB03BxmgMV913Bvq1BRZ3BRq3UpZSCqHMhO3Aom83Ua1sVgHO-MyuPzq1Y2Z9P-q9P2ysoGrVtaQIuyH7N5ysomgMV913Bvq1BRZ3BRq3oyuMhsQMhMgJPcQMoNZ_g-Q9PE3I2oo1YJ1sxMzjNc1snhzBzD1Mg_u_uVuRBjqcHpuS2-ZICDyMOGPMUarfNy3IKdyjzGrfUpgAxMzjNc1snhzBzD1MgZu_uUuRBjqcHpuS2-ZICDyMOGPMUarfNy3IKdyjzcrfUpgAxMzRzE3BPj6cgU_sCi17BpZ3N6qMUpZMhyHj2Nysoj8B2_Z_g-qjjh_Sj7H1O1qRP68Mr7_S2Co1Y1gRx6q1BpZ3N6qMUpZMhyH7ND3uxGqMVAZ_g-qjja_OH78JOJZ9PoqjBd_S2VHjO1e9B6q1tNUiFiP9oBrBY2gmUEUsnibm-xQcri6i-pPcOwqRoBgOYDHOYDHBYDHZUDUMNOQ3-BrBY5gBYxgIHi6sJObm-XP3Oig9-wy3zp9R-BrZUEHsnDUMoxPVY2gIHi6BDa6_rDHpK7omFp6_K79ZFiQBYsy3Njq3zxPcuwy3zpUsthoZFiy3-wPcupPmUEUjdibm-FQRo79fVDgaUEUMoFyOYpqcYF9RuXrZUDUSgBrSo2Qfdi6i-fHiUDUMoDP9o7g9-wq3zwPsUi6sUp6Arabm-sy9zBgfYa8uYpP3PSg9o79fV7PI-2ySu7gZUE3aUp6_KaUiFiHpjdomUDUsHN6AyibmUpoiUDUseFHAKi997?page=1&src=search&t=desktop&r=https%3A%2F%2Fwww.tokopedia.com%2Frogsstoreid%2Fasus-zenbook-q407iq-ryzen-5-4500-8gb-256ssd-mx350-2gb-14fhd-w10-256gb%3Fsrc%3Dtopads&is_search=1&keywords=asus+zenbook&ob=23&management_type=1&dv=desktop,18-01-2021
"ASUS ZENBOOK UX425EA - I5-1135G7 8GB 512GB 14"" FHD IPS NUMPAD OHS W10",15.799.000,Jakarta Pusat,22,https://www.tokopedia.com/collinsofficial/asus-zenbook-ux425ea-i5-1135g7-8gb-512gb-14-fhd-ips-numpad-ohs-w10?whid=0,18-01-2021
ASUS ZENBOOK 14 Q407IQ Ryzen 5 4500 8GB 256SSD MX350 2GB W10 14.0FHD,10.799.000,Jakarta Utara,23,https://www.tokopedia.com/toptech/asus-zenbook-14-q407iq-ryzen-5-4500-8gb-256ssd-mx350-2gb-w10-14-0fhd?whid=0,18-01-2021
ASUS ZENBOOK UM425IA-AM701S RYZEN 7 4700U 16GB 512GB SSD FHD GRS RESMI,15.699.000,Jakarta Pusat,10,https://www.tokopedia.com/kbm24store/asus-zenbook-um425ia-am701s-ryzen-7-4700u-16gb-512gb-ssd-fhd-grs-resmi?whid=0,18-01-2021
ASUS ZENBOOK UM425IA RYZEN 5-4500U 8GB 512GB 14” FHD W10 NUMPAD OHS,13.999.000,Jakarta Pusat,17,https://www.tokopedia.com/collinsofficial/asus-zenbook-um425ia-ryzen-5-4500u-8gb-512gb-14-fhd-w10-numpad-ohs?whid=0,18-01-2021
Asus Zenbook Q407 Ryzen 5 4500 8GB 256GB-SSD MX350-2GB WIN-10 14 FHD,10.799.000,Jakarta Utara,8,https://www.tokopedia.com/envicstore/asus-zenbook-q407-ryzen-5-4500-8gb-256gb-ssd-mx350-2gb-win-10-14-fhd?whid=0,18-01-2021
"ASUS ZENBOOK DUO UX481FL-BM070T i5-10210U 8GB 512B SSD MX250 2GB 14""",20.699.000,Jakarta Pusat,16,https://www.tokopedia.com/protechcom/asus-zenbook-duo-ux481fl-bm070t-i5-10210u-8gb-512b-ssd-mx250-2gb-14?whid=0,18-01-2021
ASUS ZENBOOK 14 Q407IQ Ryzen 5 4500 8GB 512SSD MX350 2GB W10 14.0FHD,11.599.000,Jakarta Utara,28,https://www.tokopedia.com/toptech/asus-zenbook-14-q407iq-ryzen-5-4500-8gb-512ssd-mx350-2gb-w10-14-0fhd?whid=0,18-01-2021
ASUS ZENBOOK UX425JA - i5-1035G1 8GB 512GB 14”FHD WIN10 OFFICE,13.499.000,Jakarta Barat,8,https://www.tokopedia.com/djteknologi/asus-zenbook-ux425ja-i5-1035g1-8gb-512gb-14-fhd-win10-office-bm501t-grey?whid=0,18-01-2021
Asus Zenbook UM425IA-AM502S Ryzen 5 4500U 8GB 512ssd W10+OHS 14FHD,12.699.000,Jakarta Utara,25,https://www.tokopedia.com/royalltech/asus-zenbook-um425ia-am502s-ryzen-5-4500u-8gb-512ssd-w10-ohs-14fhd?whid=0,18-01-2021
Asus Zenbook 14 Q407IQ 2020 Ryzen 5-4500U 8GB 256ssd MX350 2GB Win10,10.799.000,Jakarta Pusat,21,https://www.tokopedia.com/haercom/asus-zenbook-14-q407iq-2020-ryzen-5-4500u-8gb-256ssd-mx350-2gb-win10?whid=0,18-01-2021
Asus Zenbook UX431FL i7 10510 8GB 512ssd MX250 2GB W10 14.0FHD,14.249.000,Jakarta Utara,3,https://ta.tokopedia.com/promo/v1/clicks/8a-xgVY2gmUE6AJaHsed6AUDUMVj9RzNrc1i6sJDUSC5rfB7q3YXUsthbm-7q3OBUsthosJF6_eNoAjabm-srcHi6sHOHmFiy3zwrfo5rM1i6sJaoAnXHprfbm-pHOYDQfri6i-B812kgJxGgBBXZSgjH7NDZ325q1O2oIxvucH7_1z-8JY1ypzozJBd_OzSq1hAZM2jZJ2Myp-3qcoW_MY-qMY2_uzCP1Y1gRPo8MWN_uzuHjYJ39B68BJhZ3BRq3JausujHsBN3jyN8Bja69Bq17jfZ32Cq1hAZSuiHsuk3Bo-ojBk1Mho8Bgt_jPGQJh9u_zo8ju7_jztQVB_H3Bgu7OR_Vzz8uBku_-vzO2W_uz-Hu2AZ9o-Q_BNyuPjrc-D63Wq3J-MyuPzq1Y2Z9P-q9P2ysoGrVtaQIuyH7-Nys-ZHujp1MgxuOV2_fB-P7B2PfBiH72F3s-DPuKp_MYiH7-MyuPzq1Y2Z9P-q9P2yOx3QcoXQcgjz7gXyRB-ojBD_jgZHAVcuchZgBouo1u983ztypo38jBUrchiQ12fys-pQBxy8AxizJNM_920oJOX8AxizJ2pysoj6cgc_jgZHAVcuchZgB-uo1x983ztypo38jBUrchiQ12fys-pQBxy8AxizJgpysoj6cgIPI2qufedgjx6Hc-_Z9o-QjNkysoGQVKaZSBiHfzE3Bo-ojBkZ_-oepeF_7zuH1OJqRPozcPR_jzCH1NAZ9o-QjNkysoGQVKp_Mhg3J2ky1o-ojBkZ_o6epep_7zz81OJ3_uozVuN_S2-8jN2Zsjibm-Orfua9fBjUstiHmUDUSoBrRo2QfNwq3ei6i-Xq7-XoVHO_jNIyj--yRgDe9zg_cNg3_gX81P3gcYezsx5g1PyqsCv172-P7VkejO0uAxhzV-y17xDP31auuVZ8326Q_gI1BnOzuub1jjRQjxM13u98sBu3ACtQ7oAyMW6Q7OtuuBUupnf_OPoo1WU3IBcZAzWZsV_ZOra1_r7HmUDUMVDgaUEUSo7QuY0rfuS9fFp9fFa9fFhUiFiQSuWyMua9fYM9fVjraUEH_1DUMNOQ3-BrBYxgIowrMuhUstaHmFiyfV79fBjraUE3pUNoaFp6Ae7bAHN6A-Pbm-X9foxQMz2gcV7guYxgIHi6sJObm-xyBY7g9o7Usti_iUDUSC5rRzwy3hSUstiyRCs9RotQRCwP3NhUiFiPMuarfB5QiUEUSyaUiFiyfhOrRzBrBY2gVYfHiUE6_eRoiFiyfV7g3P5rSBwrRuSgfupPVYxPIzaq3-OPc1i6BDiHpjdHiUDUsHN6AeibmUp6_KfUiFiHpyibmU7HAndUBOY?is_search=1&ob=23&t=desktop&management_type=1&keywords=asus+zenbook&src=search&dv=desktop&r=https%3A%2F%2Fwww.tokopedia.com%2Fmimomart%2Fasus-zenbook-ux431fl-i7-10510-8gb-512ssd-mx250-2gb-w10-14-0fhd%3Fsrc%3Dtopads&page=2,18-01-2021
Asus Zenbook UX431FL - i7 10510U 8GB 512ssd MX250 2GB WINDOWS 10,14.199.000,Jakarta Utara,3,https://ta.tokopedia.com/promo/v1/clicks/8a-xgVY2gmUE6AyOHAUF6ArDUMVj9RzNrc1i6sJDUSC5rfB7q3YXUstabm-7q3OBUsthosJF6_eNoAjabm-srcHi6seFHmFiy3zwrfo5rM1i6sJh6_JX6AeN6ZFirpowQcYSUstig9BGqMzUZMggQj2fgAo6QJBkQfBoe7BpZ3O6HcoD692qu7gN3_-Sq1Y2Z9P-q9P2y_-3o3ea69BqzsBE3_UN8u2_Z_g-qjV2_JoGP3Uao32q17jfZ32ZQJOEuMx6z72D_VPuoJOEz9z6zcxD3uHhquB9_9PHuVVN332uHjYI3MOouJjh3jo-r7BW69BxufzFyMFNqO2yeMgxuOV2_fB-P7B2PfBiH72F3s-DPuKpeSBiHBUh3_oZgMV913Bvq1BRZ3BRq3UpZSCqHMhO3Ao6QfUpeMgxuOV2_fB-P7B2PfBs3VgDyfNDgMzIzMNs81jfZ3h6zBUFH1g1QV-M1O1OzuPNgcxsHOgEZ1xFQc-WZSgiHSoX3Vxd6c-J_Mgo8MD7_3Nd6c-JZSoiHfedgjg6zBUFH1g1QV-M1B1OZVPNgcxsHOgEZ1xFQc-WZSgiHSoX3Vxd6c-JzSoiHfedgjP78B29gAxMZJdFyBo-r7BX_M2iH72D3A-G83UpgI2q17jfZ32-HjYAoAVvzJON_32s8JY1__C6zcWEZ3BRq3Ha_SgsQugMyp-3qcoW_MY-qMY2_32gHJhke926zJJp_OzSP7NEyRxvuJB2gBJYvZUDUSupg9-wq3ei6iUFUiFirfuprfB5QBY2gmUEUMN0eMd71pu6_jPiejBsPMhCPVBHQBBgoMNNzOgjQOCc6cYBzOxkHJY_ZjBRe32m_3W16IVJ1Bx_ZchOg_-u1u-NqjNWojPZ1AuVu1WZZ_PXZcgzguPE6uuyHcx5e7oiq7N5_3xu31x9HAgvu77OZ7xy81gUocOGHuobup-zopeFUiFiy3hSUstirRzW9fWpg3PwQAowQA-wQAJibm-XP3Oig9-wQfgwy3zpUsthoZFiQSuWyMua9fVjrOYag9Ji6sUFbm-sy9zwq3zpUs2QHsjRbAHdoAeDHpjdHB7DUMNwyfVXgcBjy9zB9fVjraUEH_1DUMVi9RzBrRei6i-6UiFircYpPVYxQcri6i-srcowrfx5rVYOQSJibm-fg9-pq3YXUstiPsUibm-sQIupPcua9fBj9RyaUstaHpKRHiFiyfV7g3P5rSBwrRuSgfupPVYxPIzaq3-OPc1i6BDiHpjdHiUDUsHN6AeibmUp6_KfUiFiHpyibmU7HAndUBOY?t=desktop&r=https%3A%2F%2Fwww.tokopedia.com%2Ftoptech%2Fasus-zenbook-ux431fl-i7-10510u-8gb-512ssd-mx250-2gb-windows-10%3Fsrc%3Dtopads&page=2&keywords=asus+zenbook&dv=desktop&is_search=1&ob=23&management_type=1&src=search,18-01-2021
LAPTOP ASUS ZENBOOK UX325EA EG551TS/Core i5 1135G7/8GB/SSD 512GB,15.263.200,Surabaya,1,https://ta.tokopedia.com/promo/v1/clicks/8a-xgVY2gmUEopjO6_ya6_eDUMVj9RzNrc1i6sJDUSC5rfB7q3YXUstpbm-7q3OBUsthosJF6_eNoAjabm-srcHi6sUfHaFiy3zwrfo5rM1i6sJh6AnX6_rhomFirpowQcYSUstig9BGqMzUZMggQj2fgAo6QJBkQfBoe7BpZ3O6HcoD692qu7gN3_-Sq1Y2Z9xHqBu2_JoGrB2yQAoiH7203Ao6qMUpZMh-qMY2_1o-r7BWo9giQ1NDZ325q1NIu926u71F33OuPV21gR2o1pnF_7P3qJh9ZMxg8jV7_jzGq1N13_zqQuBd_323q7B2PfBiH72F3s-DPuKa1MhszsBF3jo-ojBke3BHe72fyfODQMV9o3gsZJ2f3jx3qMzc69Cqe7jfZ32Cq1hAZSgsQ3hXyurOgMHaqIgszsBF3jo-ojBke3BHe72dgVP383u36_CgufzEZ325qu1Fujx1uugvujyNZBz01M-GHjgEgVxogfuWuSugQ_Bfy9BjgcgU8IooH_xE_OzS83gU8IooQ9xfgAod6V1Fujx1uugvujyNzBz0gc-GHjgEgVxogfuWuSugQ_Bfy9BjgcgU8IoouRxfgAod6cJp_MhqHRKdypoZPJB2PfBsHjNfyfO3gBBXZSgjH7NDZ325q1Oku_zHqBj7_1zSo1YJ3_u6qjjO_92CH7B2PfBsHjNfyfO3gMHauMxsQ1N5Z325q1Ok39xHqBBN_jzVH1Ok3_uozJuE_Oz-q3gzv_7ibm-Orfua9fBjUstiHmUDUSoBrRo2QfNwq3ei6i-Xq7-XoVHO_jNIyj--yRgDe9zg_cNg3_gX81P3gcYezsx5g1PyqsCv172-P7VkejO0uAxhzV-y17xDP31auuVZ8326Q_gI1BnOzuub1jjRQjxM13u98sBu3ACtQ7oAyMW6Q7OtuuBUupnf_OPoo1WU3IBcZAzWZsV_ZOra1_r7HmUDUMVDgaUEUSo7QuY0rfuS9fFp9fFa9fFhUiFiQSuWyMua9fYM9fVjraUEH_1DUMNOQ3-BrBYxgIowrMuhUstaHmFiyfV79fBjraUE3pUNoaFp6Ae7bAHN6A-Pbm-X9foxQMz2gcV7guYxgIHi6sJObm-xyBY7g9o7Usti_iUDUSC5rRzwy3hSUstiyRCs9RotQRCwP3NhUiFiPMuarfB5QiUEUSyaUiFiyfhOrRzBrBY2gVYfHiUEH_H7HpHDUMoxPcuSQR-N9RoOgfPBrRzwy9z7rMBiP9zBUs2QUsHN6AUibmUp6_K7UiFiHpjdoiUDUsHfUiFioAnF6m-Pwe?is_search=1&dv=desktop&t=desktop&r=https%3A%2F%2Fwww.tokopedia.com%2Fmkpaccessories%2Flaptop-asus-zenbook-ux325ea-eg551ts-core-i5-1135g7-8gb-ssd-512gb%3Fsrc%3Dtopads&src=search&keywords=asus+zenbook&page=2&ob=23&management_type=1,18-01-2021
Asus Zenbook Duo UX481FA i5 10210U Ram 8GB SSD 512GB Not UX481FL i7,17.050.000,Tangerang Selatan,1,https://ta.tokopedia.com/promo/v1/clicks/8a-xgVY2gmUE6A1hHAH7HpJDUMVj9RzNrc1i6sJDUSC5rfB7q3YXUst7bm-7q3OBUsthosJF6_eNoAjabm-srcHi6seFHmFiy3zwrfo5rM1i6srhoidf6_rdbm-pHOYDQfri6i-B812kgJxGgBBXZSgjH7NDZ325q1OAZ9o-Q1dFyfFN8B29zSBgHMP2_fB-81N2oA-6qBja_M2gHjNk3_-6qBja_M2Sq1hAZS-q3cFpysoGqOKp_M2iH72DZ325q1OAZ9o-Q_ufyMO6QJBkQfB6zOuE_BPVHVBWu9zqucPE_uHFHJYIuMxHu72t392CPJNJZMB6uVj73MOg8JOkuMW-q9P2ysoGrVtaQIuyHB-Dy7yNrV2AZ_g-qjV2_JoGPMoWQcNxupuMy7xGPB2UuM2jzsBF3jo-ojBke3BHe72fyfODQMV9o3gsHMxfy7yNrV2AZ_g-qjV2_JoG8cz9uSBBusjF3uPj8jBkQfBizJNM_920oJNU8AxuHVgUuVu3_Ogc6121qO-iZs-c8Mzy_3PBQugO337NPMVNgczMZIxp_3OdPMep8AxuHVgUuVu3_Ogc61g1qfziZs-c8Mzy_3PBQugO337NPMVNgczMZIxp_uPdPMep8AxxH7ND3sod6cHp1Sz-q9P2yp-6PMoWuMggQj2fgAo6QJBkQfBoqB17_c2uHjNJu_ovuJJF_S2z81Y_Z9o-QjNkysoGQVKp_Mhg3J2ky1o-ojBk_9P6q_e7_1zuH1Nkypo6uVVN_jz0H7N_Zsjibm-Orfua9fBjUstiHmUDUSoBrRo2QfNwq3ei6i-Xq7-XoVHO_jNIyj--yRgDe9zg_cNg3_gX81P3gcYezsx5g1PyqsCv172-P7VkejO0uAxhzV-y17xDP31auuVZ8326Q_gI1BnOzuub1jjRQjxM13u98sBu3ACtQ7oAyMW6Q7OtuuBUupnf_OPoo1WU3IBcZAzWZsV_ZOra1_r7HmUDUMVDgaUEUSo7QuY0rfuS9fFp9fFa9fFhUiFiQSuWyMua9fYM9fVjraUEH_1DUMNOQ3-BrBYxgIowrMuhUstaHmFiyfV79fBjraUE3pUNoaFp6Ae7bAHN6AzPbm-X9foxQMz2gcV7guYxgIHi6sJObm-xyBY7g9o7Usti_iUDUSC5rRzwy3hSUstiyRCs9RotQRCwP3NhUiFiPMuarfB5QiUEUSyaUiFiyfhOrRzBrBY2gVYfHiUEH_H7HpHDUMoxPcuSQR-N9RoOgfPBrRzwy9z7rMBiP9zBUs2QUsHN6AUibmUp6_K7UiFiHpjdoiUDUsHfUiFioAnF6m-Pwe?keywords=asus+zenbook&dv=desktop&r=https%3A%2F%2Fwww.tokopedia.com%2Fhayrul17%2Fasus-zenbook-duo-ux481fa-i5-10210u-ram-8gb-ssd-512gb-not-ux481fl-i7%3Fsrc%3Dtopads&management_type=1&page=2&ob=23&is_search=1&src=search&t=desktop,18-01-2021
Asus Zenbook Q407iQ Ryzen 5 4500 8GB 256ssd MX350 2GB 14FHD W10 - 256GB,10.799.000,Jakarta Utara,1,https://ta.tokopedia.com/promo/v1/clicks/8a-xgVY2gmUEopHF6_jfosHDUMVj9RzNrc1i6sJDUSC5rfB7q3YXUstObm-7q3OBUsthosJF6_eNoAjabm-srcHi6seFHmFiy3zwrfo5rM1i6sya6mdfHsUpbm-pHOYDQfri6i-B812kgJxGgBBXZSgjH7NDZ325q1OAZ9o-Q1dFyfFN8B29zSBgHMP2_fB-P7B2PfBxHByOgAUN8u2c692gHsBN3Bo-ojBke3BHe72OysUOqB2_Z_g-qB-D_923qJNIZMhHuO17_92VPJNJqchg1pV23uPoP7h119BgqB1a_7PqQ1O1Z_Vqe7BpZ37N83V9gICiQAB03BxmgMV913Bvq1BRZ3BRq3UpZSCqHMhO3Aom83Ua1sVgHO-MyuPzq1Y2Z9P-q9P2ysoGrVtaQIuyH7N5ysomgMV913Bvq1BRZ3BRq3oyuMhsQMhMgJPcQMoNZ_g-Q9PE3I2oo1YJ1sxMzjNc1snhzBzD1Mg_u_uVuRBjqcHpuS2-ZICDyMOGPMUarfNy3IKdyjzGrfUpgAxMzjNc1snhzBzD1MgZu_uUuRBjqcHpuS2-ZICDyMOGPMUarfNy3IKdyjzcrfUpgAxMzRzE3BPj6cgU_sCi17BpZ3N6qMUpZMhyHj2Nysoj8B2_Z_g-qjjh_Sj7H1O1qRP68Mr7_S2Co1Y1gRx6q1BpZ3N6qMUpZMhyH7ND3uxGqMVAZ_g-qjja_OH78JOJZ9PoqjBd_S2VHjO1e9B6q1tNUiFiP9oBrBY2gmUEUsnibm-pg9opq3YX9fBjUstiQMWmQsz_o1N6zf-mZ3ofQJV731hX3ujfQSBIuMz51JydQfuI3ctF_OoGZ9PCqj-oqOedr1zZ3VoUQIuBHBuz1SBk_M7fzO-eo1uuZO--ofNUgBVBuRtNuuKFqcYAef-0_MYoqVugZVrFojY9__ubZVxNzjK7Q1th17W9HBJRoAnibm-xQcri6i-pPcOwqRoBgOYDHOYDHBYDHZUDUMNOQ3-BrBY5gBYxgIHi6sJObm-XP3Oig9-wy3zp9R-BrZUEHsnDUMoxPVY2gIHi6BDa6_rDHpK7omFp6_K79ZFiQBYsy3Njq3zxPcuwy3zpUsthoZFiy3-wPcupPmUEUjdibm-FQRo79fVDgaUEUMoFyOYpqcYF9RuXrZUDUSgBrSo2Qfdi6i-fHiUDUMoDP9o7g9-wq3zwPsUi6sUp6Arabm-sy9zBgfYa8uYpP3PSg9o79fV7PI-2ySu7gZUE3aUp6_KaUiFiHpjdomUDUsHN6AyibmUpoiUDUseFHAKi997?page=2&ob=23&src=search&is_search=1&t=desktop&r=https%3A%2F%2Fwww.tokopedia.com%2Frogsstoreid%2Fasus-zenbook-q407iq-ryzen-5-4500-8gb-256ssd-mx350-2gb-14fhd-w10-256gb%3Fsrc%3Dtopads&management_type=1&keywords=asus+zenbook&dv=desktop,18-01-2021
ASUS ZenBook 14 UM431DA AM501T - AMD R5 3500U 8GB 512GB 14 FHD WIN 10,12.099.000,Jakarta Utara,41,https://www.tokopedia.com/toptech/asus-zenbook-14-um431da-am501t-amd-r5-3500u-8gb-512gb-14-fhd-win-10-ocean-blue?whid=0,18-01-2021
Laptop Asus Zenbook Ryzen 5-4500U 8GB 512GB MX350 2GB Win10 14 FHD,11.599.000,Jakarta Pusat,5,https://www.tokopedia.com/kingznotebook/laptop-asus-zenbook-ryzen-5-4500u-8gb-512gb-mx350-2gb-win10-14-fhd-light-grey?whid=0,18-01-2021
Asus Zenbook UX425EA BM551TS BM552TS - i5 1135G7 8GB 512ssd W10 OFFICE,13.899.000,Jakarta Utara,12,https://www.tokopedia.com/janurtech/asus-zenbook-ux425ea-bm551ts-bm552ts-i5-1135g7-8gb-512ssd-w10-office?whid=0,18-01-2021
LAPTOP ASUS Zenbook UX331UA I5 8250 8GB 256SSD W10 13.3FHD,9.213.000,Tangerang Selatan,12,https://www.tokopedia.com/muliagadgetindo/laptop-asus-zenbook-ux331ua-i5-8250-8gb-256ssd-w10-13-3fhd?whid=0,18-01-2021
ASUS Zenbook Q407iQ AMD Ryzen 5-4500u 8GB 256SSD Win10,11.000.000,Malang,13,https://www.tokopedia.com/kharismakencana/asus-zenbook-q407iq-amd-ryzen-5-4500u-8gb-256ssd-win10?whid=0,18-01-2021
Asus Zenbook Q407 Ryzen 5 4500 8GB 512GB-SSD MX350-2GB WIN-10 14 FHD,11.599.000,Jakarta Utara,2,https://www.tokopedia.com/envicstore/asus-zenbook-q407-ryzen-5-4500-8gb-512gb-ssd-mx350-2gb-win-10-14-fhd?whid=0,18-01-2021
ASUS Zenbook UX325JA BM501T BM502T i5 1035G1 8GB 512ssd W10 OHS 13FHD,13.699.000,Jakarta Utara,4,https://www.tokopedia.com/royalltech/asus-zenbook-ux325ja-bm501t-bm502t-i5-1035g1-8gb-512ssd-w10-ohs-13fhd?whid=0,18-01-2021
"ASUS ZENBOOK DUO UX481FA-BM036T i5-10210U 8GB 512B SSD 14"" FHD WIN10",19.899.000,Jakarta Pusat,27,https://www.tokopedia.com/protechcom/asus-zenbook-duo-ux481fa-bm036t-i5-10210u-8gb-512b-ssd-14-fhd-win10?whid=0,18-01-2021
LAPTOP Asus Zenbook Q407 Ryzen 5 4500 8GB 512SSD MX350 2GB W10 14.0FHD,11.699.000,Bekasi,1,https://www.tokopedia.com/bekasinotebook/laptop-asus-zenbook-q407-ryzen-5-4500-8gb-512ssd-mx350-2gb-w10-14-0fhd?whid=0,18-01-2021
Asus Zenbook Duo UX481FA | i7 10510 8GB 512ssd 14 FHD Win10 SPad Touch,19.699.000,Jakarta Utara,3,https://www.tokopedia.com/gateway/asus-zenbook-duo-ux481fa-i7-10510-8gb-512ssd-14-fhd-win10-spad-touch?whid=0,18-01-2021
Asus Zenbook UX431FL i7 10510 8GB 512ssd MX250 2GB W10 14.0FHD,14.249.000,Jakarta Utara,3,https://ta.tokopedia.com/promo/v1/clicks/8a-xgVY2gmUE6AJaHsed6AUDUMVj9RzNrc1i6sJDUSC5rfB7q3YXUsthbm-7q3OBUsthosJF6_eNoAjObm-srcHi6sHOHmFiy3zwrfo5rM1i6sJaoAnXHprfbm-pHOYDQfri6i-B812kgJxGgBBXZSgjH7NDZ325q1O2oIxvucH7_1z-8JY1ypzozJBd_OzSq1hAZM2jZJ2Myp-3qcoW_MY-qMY2_uzCP1Y1gRPo8MWN_uzuHjYJ39B68BJhZ3BRq3JausujHsBN3jyN8Bja69Bq17jfZ32Cq1hAZSuiHsuk3Bo-ojBku9P6ucxk_Oz0Hjh1qc2oQ1B7_jzS8JO_H3xvzV-0_VPgHOB9u_u6HjuN_32VoJNAZ9o-Q_BNyuPjrc-D63Wq3J-MyuPzq1Y2Z9P-q9P2ysoGrVtaQIuyH7-Nys-ZHujp1MgxuOV2_fB-P7B2PfBiH72F3s-DPuKp_MYiH7-MyuPzq1Y2Z9P-q9P2yOx3QcoXQcgjz7gXyRB-ojBD_jgZHAVcuchZgBouo1u983ztypo38jBUrchiQ12fys-pQBxy8AxizJNM_920oJOX8AxizJ2pysoj6cgc_jgZHAVcuchZgB-uo1x983ztypo38jBUrchiQ12fys-pQBxy8AxizJgpysoj6cgIPI2qufedgjx6Hc-_Z9o-QjNkysoGQVKaZSBiHfzE3Bo-ojBkZ_-oepeF_7zuH1OJqRPozcPR_jzCH1NAZ9o-QjNkysoGQVKp_Mhg3J2ky1o-ojBkZ_o6epep_7zz81OJ3_uozVuN_S2-8jN2Zsjibm-Orfua9fBjUstiHmUDUSoBrRo2QfNwq3ei6i-Xq7-XoVHO_jNIyj--yRgDe9zg_cNg3_gX81P3gcYezsx5g1PyqsCv172-P7VkejO0uAxhzV-y17xDP31auuVZ8326Q_gI1BnOzuub1jjRQjxM13u98sBu3ACtQ7oAyMW6Q7OtuuBUupnf_OPoo1WU3IBcZAzWZsV_ZOra1_r7HmUDUMVDgaUEUSo7QuY0rfuS9fFp9fFa9fFhUiFiQSuWyMua9fYM9fVjraUEH_1DUMNOQ3-BrBYxgIowrMuhUstaHmFiyfV79fBjraUE3pUNoaFp6Ae7bAHN6A-Pbm-X9foxQMz2gcV7guYxgIHi6sJObm-xyBY7g9o7Usti_iUDUSC5rRzwy3hSUstiyRCs9RotQRCwP3NhUiFiPMuarfB5QiUEUSyaUiFiyfhOrRzBrBY2gVYfHiUE6_eRoiFiyfV7g3P5rSBwrRuSgfupPVYxPIzaq3-OPc1i6BDiHpjdHiUDUsHN6AeibmUp6_KfUiFiHpyibmU7HAndUBOY?dv=desktop&ob=23&management_type=1&r=https%3A%2F%2Fwww.tokopedia.com%2Fmimomart%2Fasus-zenbook-ux431fl-i7-10510-8gb-512ssd-mx250-2gb-w10-14-0fhd%3Fsrc%3Dtopads&src=search&t=desktop&keywords=asus+zenbook&is_search=1&page=3,18-01-2021
Asus Zenbook UX431FL - i7 10510U 8GB 512ssd MX250 2GB WINDOWS 10,14.199.000,Jakarta Utara,3,https://ta.tokopedia.com/promo/v1/clicks/8a-xgVY2gmUE6AyOHAUF6ArDUMVj9RzNrc1i6sJDUSC5rfB7q3YXUstabm-7q3OBUsthosJF6_eNoAjObm-srcHi6seFHmFiy3zwrfo5rM1i6sJh6_JX6AeN6ZFirpowQcYSUstig9BGqMzUZMggQj2fgAo6QJBkQfBoe7BpZ3O6HcoD692qu7gN3_-Sq1Y2Z9P-q9P2y_-3o3ea69BqzsBE3_UN8u2_Z_g-qjV2_JoGP3Uao32q17jfZ32uP7N1qc2vucDa_VztqjOWZ9z6zcPd_uHhqJYJ1MWHuOjp3uPuo1daz9Boqj17_jo-r7BW69BxufzFyMFNqO2yeMgxuOV2_fB-P7B2PfBiH72F3s-DPuKpeSBiHBUh3_oZgMV913Bvq1BRZ3BRq3UpZSCqHMhO3Ao6QfUpeMgxuOV2_fB-P7B2PfBs3VgDyfNDgMzIzMNs81jfZ3h6zBUFH1g1QV-M1O1OzuPNgcxsHOgEZ1xFQc-WZSgiHSoX3Vxd6c-J_Mgo8MD7_3Nd6c-JZSoiHfedgjg6zBUFH1g1QV-M1B1OZVPNgcxsHOgEZ1xFQc-WZSgiHSoX3Vxd6c-JzSoiHfedgjP78B29gAxMZJdFyBo-r7BX_M2iH72D3A-G83UpgI2q17jfZ32-HjYAoAVvzJON_32s8JY1__C6zcWEZ3BRq3Ha_SgsQugMyp-3qcoW_MY-qMY2_32gHJhke926zJJp_OzSP7NEyRxvuJB2gBJYvZUDUSupg9-wq3ei6iUFUiFirfuprfB5QBY2gmUEUMN0eMd71pu6_jPiejBsPMhCPVBHQBBgoMNNzOgjQOCc6cYBzOxkHJY_ZjBRe32m_3W16IVJ1Bx_ZchOg_-u1u-NqjNWojPZ1AuVu1WZZ_PXZcgzguPE6uuyHcx5e7oiq7N5_3xu31x9HAgvu77OZ7xy81gUocOGHuobup-zopeFUiFiy3hSUstirRzW9fWpg3PwQAowQA-wQAJibm-XP3Oig9-wQfgwy3zpUsthoZFiQSuWyMua9fVjrOYag9Ji6sUFbm-sy9zwq3zpUs2QHsjRbAHdoAeDHpjdHB7DUMNwyfVXgcBjy9zB9fVjraUEH_1DUMVi9RzBrRei6i-6UiFircYpPVYxQcri6i-srcowrfx5rVYOQSJibm-fg9-pq3YXUstiPsUibm-sQIupPcua9fBj9RyaUstaHpKRHiFiyfV7g3P5rSBwrRuSgfupPVYxPIzaq3-OPc1i6BDiHpjdHiUDUsHN6AeibmUp6_KfUiFiHpyibmU7HAndUBOY?t=desktop&keywords=asus+zenbook&management_type=1&dv=desktop&r=https%3A%2F%2Fwww.tokopedia.com%2Ftoptech%2Fasus-zenbook-ux431fl-i7-10510u-8gb-512ssd-mx250-2gb-windows-10%3Fsrc%3Dtopads&is_search=1&ob=23&src=search&page=3,18-01-2021
LAPTOP ASUS ZENBOOK UX325EA EG551TS/Core i5 1135G7/8GB/SSD 512GB,15.263.200,Surabaya,1,https://ta.tokopedia.com/promo/v1/clicks/8a-xgVY2gmUEopjO6_ya6_eDUMVj9RzNrc1i6sJDUSC5rfB7q3YXUstpbm-7q3OBUsthosJF6_eNoAjObm-srcHi6sUfHaFiy3zwrfo5rM1i6sJh6AnX6_rhomFirpowQcYSUstig9BGqMzUZMggQj2fgAo6QJBkQfBoe7BpZ3O6HcoD692qu7gN3_-Sq1Y2Z9xHqBu2_JoGrB2yQAoiH7203Ao6qMUpZMh-qMY2_1o-r7BWo9giQ1NDZ325q1N1e_Vvz77O_OzgPJYI_9Bgq_nF_7zV8Jh9z_z6zOV73M2jqV21qpoguJBN_uzSHJB2PfBiH72F3s-DPuKa1MhszsBF3jo-ojBke3BHe72fyfODQMV9o3gsZJ2f3jx3qMzc69Cqe7jfZ32Cq1hAZSgsQ3hXyurOgMHaqIgszsBF3jo-ojBke3BHe72dgVP383u36_CgufzEZ325qu1Fujx1uugvujyNZBz01M-GHjgEgVxogfuWuSugQ_Bfy9BjgcgU8IooH_xE_OzS83gU8IooQ9xfgAod6V1Fujx1uugvujyNzBz0gc-GHjgEgVxogfuWuSugQ_Bfy9BjgcgU8IoouRxfgAod6cJp_MhqHRKdypoZPJB2PfBsHjNfyfO3gBBXZSgjH7NDZ325q1Oku_zHqBj7_1zSo1YJ3_u6qjjO_92CH7B2PfBsHjNfyfO3gMHauMxsQ1N5Z325q1Ok39xHqBBN_jzVH1Ok3_uozJuE_Oz-q3gzv_7ibm-Orfua9fBjUstiHmUDUSoBrRo2QfNwq3ei6i-Xq7-XoVHO_jNIyj--yRgDe9zg_cNg3_gX81P3gcYezsx5g1PyqsCv172-P7VkejO0uAxhzV-y17xDP31auuVZ8326Q_gI1BnOzuub1jjRQjxM13u98sBu3ACtQ7oAyMW6Q7OtuuBUupnf_OPoo1WU3IBcZAzWZsV_ZOra1_r7HmUDUMVDgaUEUSo7QuY0rfuS9fFp9fFa9fFhUiFiQSuWyMua9fYM9fVjraUEH_1DUMNOQ3-BrBYxgIowrMuhUstaHmFiyfV79fBjraUE3pUNoaFp6Ae7bAHN6A-Pbm-X9foxQMz2gcV7guYxgIHi6sJObm-xyBY7g9o7Usti_iUDUSC5rRzwy3hSUstiyRCs9RotQRCwP3NhUiFiPMuarfB5QiUEUSyaUiFiyfhOrRzBrBY2gVYfHiUEH_H7HpHDUMoxPcuSQR-N9RoOgfPBrRzwy9z7rMBiP9zBUs2QUsHN6AUibmUp6_K7UiFiHpjdoiUDUsHfUiFioAnF6m-Pwe?keywords=asus+zenbook&src=search&page=3&management_type=1&t=desktop&is_search=1&ob=23&r=https%3A%2F%2Fwww.tokopedia.com%2Fmkpaccessories%2Flaptop-asus-zenbook-ux325ea-eg551ts-core-i5-1135g7-8gb-ssd-512gb%3Fsrc%3Dtopads&dv=desktop,18-01-2021
Asus Zenbook Duo UX481FA i5 10210U Ram 8GB SSD 512GB Not UX481FL i7,17.050.000,Tangerang Selatan,1,https://ta.tokopedia.com/promo/v1/clicks/8a-xgVY2gmUE6A1hHAH7HpJDUMVj9RzNrc1i6sJDUSC5rfB7q3YXUst7bm-7q3OBUsthosJF6_eNoAjObm-srcHi6seFHmFiy3zwrfo5rM1i6srhoidf6_rdbm-pHOYDQfri6i-B812kgJxGgBBXZSgjH7NDZ325q1OAZ9o-Q1dFyfFN8B29zSBgHMP2_fB-81N2oA-6qBja_M2gHjNk3_-6qBja_M2Sq1hAZS-q3cFpysoGqOKp_M2iH72DZ325q1OAZ9o-Q_ufyMO6QJBkQfB6uJJh_7Poo1Y139zvz7ON33jFHJYJz9xHu717_jPzPV2kgcxqucDp3uz-81O1gpC-q9P2ysoGrVtaQIuyHB-Dy7yNrV2AZ_g-qjV2_JoGPMoWQcNxupuMy7xGPB2UuM2jzsBF3jo-ojBke3BHe72fyfODQMV9o3gsHMxfy7yNrV2AZ_g-qjV2_JoG8cz9uSBBusjF3uPj8jBkQfBizJNM_920oJNU8AxuHVgUuVu3_Ogc6121qO-iZs-c8Mzy_3PBQugO337NPMVNgczMZIxp_3OdPMep8AxuHVgUuVu3_Ogc61g1qfziZs-c8Mzy_3PBQugO337NPMVNgczMZIxp_uPdPMep8AxxH7ND3sod6cHp1Sz-q9P2yp-6PMoWuMggQj2fgAo6QJBkQfBoqB17_c2uHjNJu_ovuJJF_S2z81Y_Z9o-QjNkysoGQVKp_Mhg3J2ky1o-ojBk_9P6q_e7_1zuH1Nkypo6uVVN_jz0H7N_Zsjibm-Orfua9fBjUstiHmUDUSoBrRo2QfNwq3ei6i-Xq7-XoVHO_jNIyj--yRgDe9zg_cNg3_gX81P3gcYezsx5g1PyqsCv172-P7VkejO0uAxhzV-y17xDP31auuVZ8326Q_gI1BnOzuub1jjRQjxM13u98sBu3ACtQ7oAyMW6Q7OtuuBUupnf_OPoo1WU3IBcZAzWZsV_ZOra1_r7HmUDUMVDgaUEUSo7QuY0rfuS9fFp9fFa9fFhUiFiQSuWyMua9fYM9fVjraUEH_1DUMNOQ3-BrBYxgIowrMuhUstaHmFiyfV79fBjraUE3pUNoaFp6Ae7bAHN6AzPbm-X9foxQMz2gcV7guYxgIHi6sJObm-xyBY7g9o7Usti_iUDUSC5rRzwy3hSUstiyRCs9RotQRCwP3NhUiFiPMuarfB5QiUEUSyaUiFiyfhOrRzBrBY2gVYfHiUEH_H7HpHDUMoxPcuSQR-N9RoOgfPBrRzwy9z7rMBiP9zBUs2QUsHN6AUibmUp6_K7UiFiHpjdoiUDUsHfUiFioAnF6m-Pwe?management_type=1&keywords=asus+zenbook&page=3&dv=desktop&r=https%3A%2F%2Fwww.tokopedia.com%2Fhayrul17%2Fasus-zenbook-duo-ux481fa-i5-10210u-ram-8gb-ssd-512gb-not-ux481fl-i7%3Fsrc%3Dtopads&src=search&is_search=1&ob=23&t=desktop,18-01-2021
Asus Zenbook Q407iQ Ryzen 5 4500 8GB 256ssd MX350 2GB 14FHD W10 - 256GB,10.799.000,Jakarta Utara,1,https://ta.tokopedia.com/promo/v1/clicks/8a-xgVY2gmUEopHF6_jfosHDUMVj9RzNrc1i6sJDUSC5rfB7q3YXUstObm-7q3OBUsthosJF6_eNoAjObm-srcHi6seFHmFiy3zwrfo5rM1i6sya6mdfHsUpbm-pHOYDQfri6i-B812kgJxGgBBXZSgjH7NDZ325q1OAZ9o-Q1dFyfFN8B29zSBgHMP2_fB-P7B2PfBxHByOgAUN8u2c692gHsBN3Bo-ojBke3BHe72OysUOqB2_Z_g-qBuR_BztqjY1qp-Hucxk_3O-PJNJgRxo1pVt_7zZq7h93_oguO1O_s-V81Okz_z6e7BpZ37N83V9gICiQAB03BxmgMV913Bvq1BRZ3BRq3UpZSCqHMhO3Aom83Ua1sVgHO-MyuPzq1Y2Z9P-q9P2ysoGrVtaQIuyH7N5ysomgMV913Bvq1BRZ3BRq3oyuMhsQMhMgJPcQMoNZ_g-Q9PE3I2oo1YJ1sxMzjNc1snhzBzD1Mg_u_uVuRBjqcHpuS2-ZICDyMOGPMUarfNy3IKdyjzGrfUpgAxMzjNc1snhzBzD1MgZu_uUuRBjqcHpuS2-ZICDyMOGPMUarfNy3IKdyjzcrfUpgAxMzRzE3BPj6cgU_sCi17BpZ3N6qMUpZMhyHj2Nysoj8B2_Z_g-qjjh_Sj7H1O1qRP68Mr7_S2Co1Y1gRx6q1BpZ3N6qMUpZMhyH7ND3uxGqMVAZ_g-qjja_OH78JOJZ9PoqjBd_S2VHjO1e9B6q1tNUiFiP9oBrBY2gmUEUsnibm-pg9opq3YX9fBjUstiQMWmQsz_o1N6zf-mZ3ofQJV731hX3ujfQSBIuMz51JydQfuI3ctF_OoGZ9PCqj-oqOedr1zZ3VoUQIuBHBuz1SBk_M7fzO-eo1uuZO--ofNUgBVBuRtNuuKFqcYAef-0_MYoqVugZVrFojY9__ubZVxNzjK7Q1th17W9HBJRoAnibm-xQcri6i-pPcOwqRoBgOYDHOYDHBYDHZUDUMNOQ3-BrBY5gBYxgIHi6sJObm-XP3Oig9-wy3zp9R-BrZUEHsnDUMoxPVY2gIHi6BDa6_rDHpK7omFp6_K79ZFiQBYsy3Njq3zxPcuwy3zpUsthoZFiy3-wPcupPmUEUjdibm-FQRo79fVDgaUEUMoFyOYpqcYF9RuXrZUDUSgBrSo2Qfdi6i-fHiUDUMoDP9o7g9-wq3zwPsUi6sUp6Arabm-sy9zBgfYa8uYpP3PSg9o79fV7PI-2ySu7gZUE3aUp6_KaUiFiHpjdomUDUsHN6AyibmUpoiUDUseFHAKi997?keywords=asus+zenbook&src=search&is_search=1&dv=desktop&page=3&ob=23&r=https%3A%2F%2Fwww.tokopedia.com%2Frogsstoreid%2Fasus-zenbook-q407iq-ryzen-5-4500-8gb-256ssd-mx350-2gb-14fhd-w10-256gb%3Fsrc%3Dtopads&management_type=1&t=desktop,18-01-2021
Asus Zenbook UM425IA-AM501S Ryzen5-4500U 8GB 512GB SSD FHD WIN10 OHS,12.999.000,Jakarta Pusat,3,https://www.tokopedia.com/vicmicindonesia/asus-zenbook-um425ia-am501s-ryzen5-4500u-8gb-512gb-ssd-fhd-win10-ohs?whid=0,18-01-2021
Asus Zenbook Duo Touch UX481FA i7 10510 8GB 512ssd W10 14FHD,19.699.000,Jakarta Utara,12,https://www.tokopedia.com/royalltech/asus-zenbook-duo-touch-ux481fa-i7-10510-8gb-512ssd-w10-14fhd?whid=0,18-01-2021
Laptop Asus Zenbook UX431FL |i7 10510U 8GB 512ssd MX250 2GB 14.0 W10,14.199.000,Jakarta Utara,11,https://www.tokopedia.com/laptopgaming/laptop-asus-zenbook-ux431fl-i7-10510u-8gb-512ssd-mx250-2gb-14-0-w10?whid=0,18-01-2021
ASUS Zenbook UM425IA AM501S | Ryzen 5 4500U 8GB 512ssd W10 14FHD,12.749.000,Jakarta Utara,18,https://www.tokopedia.com/amd-id/asus-zenbook-um425ia-am501s-ryzen-5-4500u-8gb-512ssd-w10-14fhd?whid=0,18-01-2021
"ASUS ZenBook 14 UM425IA - RYZEN 5-4500U 8GB 512GB SSD WIN10 OHS 14""FHD",14.999.999,Jakarta Pusat,11,https://www.tokopedia.com/digitalzone/asus-zenbook-14-um425ia-ryzen-5-4500u-8gb-512gb-ssd-win10-ohs-14-fhd?whid=0,18-01-2021
Asus Zenbook UX325EA EG751TS EG751TS - i7 1165G7 16GB 512ssd IRIS W10,18.199.000,Jakarta Utara,4,https://www.tokopedia.com/janurtech/asus-zenbook-ux325ea-eg751ts-eg751ts-i7-1165g7-16gb-512ssd-iris-w10?whid=0,18-01-2021
ASUS ZENBOOK UX425JA BM501T BM502T i5 1035G1 UMA 8GB 512GB 14FHD Win10,14.850.000,Malang,1,https://www.tokopedia.com/bssutamimlg/asus-zenbook-ux425ja-bm501t-bm502t-i5-1035g1-uma-8gb-512gb-14fhd-win10?whid=0,18-01-2021
"ASUS Zenbook UM425IA AM501S Ryzen 5 4500 8GB 512SSD VEGA6 W10+OHS 14""",12.699.000,Jakarta Utara,2,https://www.tokopedia.com/agresid/asus-zenbook-um425ia-am501s-ryzen-5-4500-8gb-512ssd-vega6-w10-ohs-14-grey?whid=0,18-01-2021
Asus Zenbook 14 Q407IQ Ryzen 5 4500U 8GB 512ssd MX350 2GB Win10 MURAH,11.599.000,Jakarta Pusat,9,https://www.tokopedia.com/haercom/asus-zenbook-14-q407iq-ryzen-5-4500u-8gb-512ssd-mx350-2gb-win10-murah?whid=0,18-01-2021
ASUS ZenBook UX425EA BM551TS i5 1135G7 8GB 512GB W10 + Office H&S 2019,14.599.000,Denpasar,1,https://www.tokopedia.com/blessingcombali/asus-zenbook-ux425ea-bm551ts-i5-1135g7-8gb-512gb-w10-office-h-s-2019?whid=0,18-01-2021
Asus Zenbook UX431FL i7 10510 8GB 512ssd MX250 2GB W10 14.0FHD,14.249.000,Jakarta Utara,3,https://ta.tokopedia.com/promo/v1/clicks/8a-xgVY2gmUE6AJaHsed6AUDUMVj9RzNrc1i6sJDUSC5rfB7q3YXUsthbm-7q3OBUsthosJF6_eNoAjdbm-srcHi6sHOHmFiy3zwrfo5rM1i6sJaoAnXHprfbm-pHOYDQfri6i-B812kgJxGgBBXZSgjH7NDZ325q1O2oIxvucH7_1z-8JY1ypzozJBd_OzSq1hAZM2jZJ2Myp-3qcoW_MY-qMY2_uzCP1Y1gRPo8MWN_uzuHjYJ39B68BJhZ3BRq3JausujHsBN3jyN8Bja69Bq17jfZ32Cq1hAZSuiHsuk3Bo-ojBkgpoqzcxk_32sH1h9uMh6qBu7_jzzHO22H3Bvu77F_VPV81OJypzqQ1uR_92CoJNNZ9o-Q_BNyuPjrc-D63Wq3J-MyuPzq1Y2Z9P-q9P2ysoGrVtaQIuyH7-Nys-ZHujp1MgxuOV2_fB-P7B2PfBiH72F3s-DPuKp_MYiH7-MyuPzq1Y2Z9P-q9P2yOx3QcoXQcgjz7gXyRB-ojBD_jgZHAVcuchZgBouo1u983ztypo38jBUrchiQ12fys-pQBxy8AxizJNM_920oJOX8AxizJ2pysoj6cgc_jgZHAVcuchZgB-uo1x983ztypo38jBUrchiQ12fys-pQBxy8AxizJgpysoj6cgIPI2qufedgjx6Hc-_Z9o-QjNkysoGQVKaZSBiHfzE3Bo-ojBkZ_-oepeF_7zuH1OJqRPozcPR_jzCH1NAZ9o-QjNkysoGQVKp_Mhg3J2ky1o-ojBkZ_o6epep_7zz81OJ3_uozVuN_S2-8jN2Zsjibm-Orfua9fBjUstiHmUDUSoBrRo2QfNwq3ei6i-Xq7-XoVHO_jNIyj--yRgDe9zg_cNg3_gX81P3gcYezsx5g1PyqsCv172-P7VkejO0uAxhzV-y17xDP31auuVZ8326Q_gI1BnOzuub1jjRQjxM13u98sBu3ACtQ7oAyMW6Q7OtuuBUupnf_OPoo1WU3IBcZAzWZsV_ZOra1_r7HmUDUMVDgaUEUSo7QuY0rfuS9fFp9fFa9fFhUiFiQSuWyMua9fYM9fVjraUEH_1DUMNOQ3-BrBYxgIowrMuhUstaHmFiyfV79fBjraUE3pUNoaFp6Ae7bAHN6A-Pbm-X9foxQMz2gcV7guYxgIHi6sJObm-xyBY7g9o7Usti_iUDUSC5rRzwy3hSUstiyRCs9RotQRCwP3NhUiFiPMuarfB5QiUEUSyaUiFiyfhOrRzBrBY2gVYfHiUE6_eRoiFiyfV7g3P5rSBwrRuSgfupPVYxPIzaq3-OPc1i6BDiHpjdHiUDUsHN6AeibmUp6_KfUiFiHpyibmU7HAndUBOY?page=4&src=search&r=https%3A%2F%2Fwww.tokopedia.com%2Fmimomart%2Fasus-zenbook-ux431fl-i7-10510-8gb-512ssd-mx250-2gb-w10-14-0fhd%3Fsrc%3Dtopads&is_search=1&management_type=1&keywords=asus+zenbook&t=desktop&ob=23&dv=desktop,18-01-2021
Asus Zenbook UX431FL - i7 10510U 8GB 512ssd MX250 2GB WINDOWS 10,14.199.000,Jakarta Utara,3,https://ta.tokopedia.com/promo/v1/clicks/8a-xgVY2gmUE6AyOHAUF6ArDUMVj9RzNrc1i6sJDUSC5rfB7q3YXUstabm-7q3OBUsthosJF6_eNoAjdbm-srcHi6seFHmFiy3zwrfo5rM1i6sJh6_JX6AeN6ZFirpowQcYSUstig9BGqMzUZMggQj2fgAo6QJBkQfBoe7BpZ3O6HcoD692qu7gN3_-Sq1Y2Z9P-q9P2y_-3o3ea69BqzsBE3_UN8u2_Z_g-qjV2_JoGP3Uao32q17jfZ32SHO2Jqc2oqMHh_VP3QJNku9z6zVJp3Mjhq1Y9__CHu7uN_1zsoV2Wz9Po8jJ7_SB-r7BW69BxufzFyMFNqO2yeMgxuOV2_fB-P7B2PfBiH72F3s-DPuKpeSBiHBUh3_oZgMV913Bvq1BRZ3BRq3UpZSCqHMhO3Ao6QfUpeMgxuOV2_fB-P7B2PfBs3VgDyfNDgMzIzMNs81jfZ3h6zBUFH1g1QV-M1O1OzuPNgcxsHOgEZ1xFQc-WZSgiHSoX3Vxd6c-J_Mgo8MD7_3Nd6c-JZSoiHfedgjg6zBUFH1g1QV-M1B1OZVPNgcxsHOgEZ1xFQc-WZSgiHSoX3Vxd6c-JzSoiHfedgjP78B29gAxMZJdFyBo-r7BX_M2iH72D3A-G83UpgI2q17jfZ32-HjYAoAVvzJON_32s8JY1__C6zcWEZ3BRq3Ha_SgsQugMyp-3qcoW_MY-qMY2_32gHJhke926zJJp_OzSP7NEyRxvuJB2gBJYvZUDUSupg9-wq3ei6iUFUiFirfuprfB5QBY2gmUEUMN0eMd71pu6_jPiejBsPMhCPVBHQBBgoMNNzOgjQOCc6cYBzOxkHJY_ZjBRe32m_3W16IVJ1Bx_ZchOg_-u1u-NqjNWojPZ1AuVu1WZZ_PXZcgzguPE6uuyHcx5e7oiq7N5_3xu31x9HAgvu77OZ7xy81gUocOGHuobup-zopeFUiFiy3hSUstirRzW9fWpg3PwQAowQA-wQAJibm-XP3Oig9-wQfgwy3zpUsthoZFiQSuWyMua9fVjrOYag9Ji6sUFbm-sy9zwq3zpUs2QHsjRbAHdoAeDHpjdHB7DUMNwyfVXgcBjy9zB9fVjraUEH_1DUMVi9RzBrRei6i-6UiFircYpPVYxQcri6i-srcowrfx5rVYOQSJibm-fg9-pq3YXUstiPsUibm-sQIupPcua9fBj9RyaUstaHpKRHiFiyfV7g3P5rSBwrRuSgfupPVYxPIzaq3-OPc1i6BDiHpjdHiUDUsHN6AeibmUp6_KfUiFiHpyibmU7HAndUBOY?r=https%3A%2F%2Fwww.tokopedia.com%2Ftoptech%2Fasus-zenbook-ux431fl-i7-10510u-8gb-512ssd-mx250-2gb-windows-10%3Fsrc%3Dtopads&is_search=1&page=4&management_type=1&t=desktop&dv=desktop&keywords=asus+zenbook&ob=23&src=search,18-01-2021
LAPTOP ASUS ZENBOOK UX325EA EG551TS/Core i5 1135G7/8GB/SSD 512GB,15.263.200,Surabaya,1,https://ta.tokopedia.com/promo/v1/clicks/8a-xgVY2gmUEopjO6_ya6_eDUMVj9RzNrc1i6sJDUSC5rfB7q3YXUstpbm-7q3OBUsthosJF6_eNoAjdbm-srcHi6sUfHaFiy3zwrfo5rM1i6sJh6AnX6_rhomFirpowQcYSUstig9BGqMzUZMggQj2fgAo6QJBkQfBoe7BpZ3O6HcoD692qu7gN3_-Sq1Y2Z9xHqBu2_JoGrB2yQAoiH7203Ao6qMUpZMh-qMY2_1o-r7BWo9giQ1NDZ325q1YJgcWvz7ON_S2uPV29u_-61pnF_jzjQ1h9Z_ug8BV73uz-P7NEqcOguJVE_1zSH7B2PfBiH72F3s-DPuKa1MhszsBF3jo-ojBke3BHe72fyfODQMV9o3gsZJ2f3jx3qMzc69Cqe7jfZ32Cq1hAZSgsQ3hXyurOgMHaqIgszsBF3jo-ojBke3BHe72dgVP383u36_CgufzEZ325qu1Fujx1uugvujyNZBz01M-GHjgEgVxogfuWuSugQ_Bfy9BjgcgU8IooH_xE_OzS83gU8IooQ9xfgAod6V1Fujx1uugvujyNzBz0gc-GHjgEgVxogfuWuSugQ_Bfy9BjgcgU8IoouRxfgAod6cJp_MhqHRKdypoZPJB2PfBsHjNfyfO3gBBXZSgjH7NDZ325q1Oku_zHqBj7_1zSo1YJ3_u6qjjO_92CH7B2PfBsHjNfyfO3gMHauMxsQ1N5Z325q1Ok39xHqBBN_jzVH1Ok3_uozJuE_Oz-q3gzv_7ibm-Orfua9fBjUstiHmUDUSoBrRo2QfNwq3ei6i-Xq7-XoVHO_jNIyj--yRgDe9zg_cNg3_gX81P3gcYezsx5g1PyqsCv172-P7VkejO0uAxhzV-y17xDP31auuVZ8326Q_gI1BnOzuub1jjRQjxM13u98sBu3ACtQ7oAyMW6Q7OtuuBUupnf_OPoo1WU3IBcZAzWZsV_ZOra1_r7HmUDUMVDgaUEUSo7QuY0rfuS9fFp9fFa9fFhUiFiQSuWyMua9fYM9fVjraUEH_1DUMNOQ3-BrBYxgIowrMuhUstaHmFiyfV79fBjraUE3pUNoaFp6Ae7bAHN6A-Pbm-X9foxQMz2gcV7guYxgIHi6sJObm-xyBY7g9o7Usti_iUDUSC5rRzwy3hSUstiyRCs9RotQRCwP3NhUiFiPMuarfB5QiUEUSyaUiFiyfhOrRzBrBY2gVYfHiUEH_H7HpHDUMoxPcuSQR-N9RoOgfPBrRzwy9z7rMBiP9zBUs2QUsHN6AUibmUp6_K7UiFiHpjdoiUDUsHfUiFioAnF6m-Pwe?src=search&dv=desktop&keywords=asus+zenbook&page=4&is_search=1&t=desktop&ob=23&management_type=1&r=https%3A%2F%2Fwww.tokopedia.com%2Fmkpaccessories%2Flaptop-asus-zenbook-ux325ea-eg551ts-core-i5-1135g7-8gb-ssd-512gb%3Fsrc%3Dtopads,18-01-2021
Asus Zenbook Duo UX481FA i5 10210U Ram 8GB SSD 512GB Not UX481FL i7,17.050.000,Tangerang Selatan,1,https://ta.tokopedia.com/promo/v1/clicks/8a-xgVY2gmUE6A1hHAH7HpJDUMVj9RzNrc1i6sJDUSC5rfB7q3YXUst7bm-7q3OBUsthosJF6_eNoAjdbm-srcHi6seFHmFiy3zwrfo5rM1i6srhoidf6_rdbm-pHOYDQfri6i-B812kgJxGgBBXZSgjH7NDZ325q1OAZ9o-Q1dFyfFN8B29zSBgHMP2_fB-81N2oA-6qBja_M2gHjNk3_-6qBja_M2Sq1hAZS-q3cFpysoGqOKp_M2iH72DZ325q1OAZ9o-Q_ufyMO6QJBkQfBvzcz0_7Po81NEu9zquO1a_BHFHJNJgcOHu7jO392zPVB1Z9P68MxW3uzC8jOJgpo-q9P2ysoGrVtaQIuyHB-Dy7yNrV2AZ_g-qjV2_JoGPMoWQcNxupuMy7xGPB2UuM2jzsBF3jo-ojBke3BHe72fyfODQMV9o3gsHMxfy7yNrV2AZ_g-qjV2_JoG8cz9uSBBusjF3uPj8jBkQfBizJNM_920oJNU8AxuHVgUuVu3_Ogc6121qO-iZs-c8Mzy_3PBQugO337NPMVNgczMZIxp_3OdPMep8AxuHVgUuVu3_Ogc61g1qfziZs-c8Mzy_3PBQugO337NPMVNgczMZIxp_uPdPMep8AxxH7ND3sod6cHp1Sz-q9P2yp-6PMoWuMggQj2fgAo6QJBkQfBoqB17_c2uHjNJu_ovuJJF_S2z81Y_Z9o-QjNkysoGQVKp_Mhg3J2ky1o-ojBk_9P6q_e7_1zuH1Nkypo6uVVN_jz0H7N_Zsjibm-Orfua9fBjUstiHmUDUSoBrRo2QfNwq3ei6i-Xq7-XoVHO_jNIyj--yRgDe9zg_cNg3_gX81P3gcYezsx5g1PyqsCv172-P7VkejO0uAxhzV-y17xDP31auuVZ8326Q_gI1BnOzuub1jjRQjxM13u98sBu3ACtQ7oAyMW6Q7OtuuBUupnf_OPoo1WU3IBcZAzWZsV_ZOra1_r7HmUDUMVDgaUEUSo7QuY0rfuS9fFp9fFa9fFhUiFiQSuWyMua9fYM9fVjraUEH_1DUMNOQ3-BrBYxgIowrMuhUstaHmFiyfV79fBjraUE3pUNoaFp6Ae7bAHN6AzPbm-X9foxQMz2gcV7guYxgIHi6sJObm-xyBY7g9o7Usti_iUDUSC5rRzwy3hSUstiyRCs9RotQRCwP3NhUiFiPMuarfB5QiUEUSyaUiFiyfhOrRzBrBY2gVYfHiUEH_H7HpHDUMoxPcuSQR-N9RoOgfPBrRzwy9z7rMBiP9zBUs2QUsHN6AUibmUp6_K7UiFiHpjdoiUDUsHfUiFioAnF6m-Pwe?management_type=1&t=desktop&page=4&keywords=asus+zenbook&src=search&is_search=1&ob=23&dv=desktop&r=https%3A%2F%2Fwww.tokopedia.com%2Fhayrul17%2Fasus-zenbook-duo-ux481fa-i5-10210u-ram-8gb-ssd-512gb-not-ux481fl-i7%3Fsrc%3Dtopads,18-01-2021
Asus Zenbook Q407iQ Ryzen 5 4500 8GB 256ssd MX350 2GB 14FHD W10 - 256GB,10.799.000,Jakarta Utara,1,https://ta.tokopedia.com/promo/v1/clicks/8a-xgVY2gmUEopHF6_jfosHDUMVj9RzNrc1i6sJDUSC5rfB7q3YXUstObm-7q3OBUsthosJF6_eNoAjdbm-srcHi6seFHmFiy3zwrfo5rM1i6sya6mdfHsUpbm-pHOYDQfri6i-B812kgJxGgBBXZSgjH7NDZ325q1OAZ9o-Q1dFyfFN8B29zSBgHMP2_fB-P7B2PfBxHByOgAUN8u2c692gHsBN3Bo-ojBke3BHe72OysUOqB2_Z_g-qMrp3jztqjOkypVHuOgD_M2uPJNJ1_oqq_V2_OPoHJh9z9BozcH73MOVP7OEe_z681BpZ37N83V9gICiQAB03BxmgMV913Bvq1BRZ3BRq3UpZSCqHMhO3Aom83Ua1sVgHO-MyuPzq1Y2Z9P-q9P2ysoGrVtaQIuyH7N5ysomgMV913Bvq1BRZ3BRq3oyuMhsQMhMgJPcQMoNZ_g-Q9PE3I2oo1YJ1sxMzjNc1snhzBzD1Mg_u_uVuRBjqcHpuS2-ZICDyMOGPMUarfNy3IKdyjzGrfUpgAxMzjNc1snhzBzD1MgZu_uUuRBjqcHpuS2-ZICDyMOGPMUarfNy3IKdyjzcrfUpgAxMzRzE3BPj6cgU_sCi17BpZ3N6qMUpZMhyHj2Nysoj8B2_Z_g-qjjh_Sj7H1O1qRP68Mr7_S2Co1Y1gRx6q1BpZ3N6qMUpZMhyH7ND3uxGqMVAZ_g-qjja_OH78JOJZ9PoqjBd_S2VHjO1e9B6q1tNUiFiP9oBrBY2gmUEUsnibm-pg9opq3YX9fBjUstiQMWmQsz_o1N6zf-mZ3ofQJV731hX3ujfQSBIuMz51JydQfuI3ctF_OoGZ9PCqj-oqOedr1zZ3VoUQIuBHBuz1SBk_M7fzO-eo1uuZO--ofNUgBVBuRtNuuKFqcYAef-0_MYoqVugZVrFojY9__ubZVxNzjK7Q1th17W9HBJRoAnibm-xQcri6i-pPcOwqRoBgOYDHOYDHBYDHZUDUMNOQ3-BrBY5gBYxgIHi6sJObm-XP3Oig9-wy3zp9R-BrZUEHsnDUMoxPVY2gIHi6BDa6_rDHpK7omFp6_K79ZFiQBYsy3Njq3zxPcuwy3zpUsthoZFiy3-wPcupPmUEUjdibm-FQRo79fVDgaUEUMoFyOYpqcYF9RuXrZUDUSgBrSo2Qfdi6i-fHiUDUMoDP9o7g9-wq3zwPsUi6sUp6Arabm-sy9zBgfYa8uYpP3PSg9o79fV7PI-2ySu7gZUE3aUp6_KaUiFiHpjdomUDUsHN6AyibmUpoiUDUseFHAKi997?keywords=asus+zenbook&t=desktop&is_search=1&dv=desktop&src=search&ob=23&management_type=1&r=https%3A%2F%2Fwww.tokopedia.com%2Frogsstoreid%2Fasus-zenbook-q407iq-ryzen-5-4500-8gb-256ssd-mx350-2gb-14fhd-w10-256gb%3Fsrc%3Dtopads&page=4,18-01-2021
LAPTOP ASUS ZENBOOK UX425EA i5-1135G7 8GB 512GB 14”FHD WIN10 NUMPAD,14.399.000,Jakarta Barat,5,https://www.tokopedia.com/spacetech/laptop-asus-zenbook-ux425ea-i5-1135g7-8gb-512gb-14-fhd-win10-numpad-bm551ts-grey?whid=0,18-01-2021
Asus Zenbook Duo Touch UX481FA i7 10510U 8GB 512ssd 14.0FHD Win10,19.699.000,Jakarta Selatan,1,https://www.tokopedia.com/techpoint/asus-zenbook-duo-touch-ux481fa-i7-10510u-8gb-512ssd-14-0fhd-win10?whid=0,18-01-2021
"ASUS ZENBOOK UM425IA-AM701S RYZEN7-4700U|16GB|512GB SSD|14""FHD|W10+OHS",15.649.000,Jakarta Pusat,3,https://www.tokopedia.com/gdmjy2881/asus-zenbook-um425ia-am701s-ryzen7-4700u-16gb-512gb-ssd-14-fhd-w10-ohs?whid=0,18-01-2021
Asus Zenbook UX431FL i7 10510U 8GB 512GB SSD MX250 W10 14.0 BLUE,14.199.000,Jakarta Utara,1,https://www.tokopedia.com/janurtech/asus-zenbook-ux431fl-i7-10510u-8gb-512gb-ssd-mx250-w10-14-0-blue?whid=0,18-01-2021
Asus Zenbook Q407iQ Ryzen 5 4500 8GB 512ssd MX350 2GB W10 14FHD,11.599.000,Jakarta Utara,2,https://www.tokopedia.com/royalltech/asus-zenbook-q407iq-ryzen-5-4500-8gb-512ssd-mx350-2gb-w10-14fhd?whid=0,18-01-2021
Asus Zenbook UX431FL i7 10510 8GB 512ssd MX250 2GB W10 14.0FHD,14.199.000,Jakarta Pusat,1,https://www.tokopedia.com/jackstore18/asus-zenbook-ux431fl-i7-10510-8gb-512ssd-mx250-2gb-w10-14-0fhd?whid=0,18-01-2021
ASUS ZENBOOK UM425IA RYZEN 7-4700U-16GB-SSD 512GB-14”-WIN10 NUMPAD,15.649.000,Jakarta Pusat,1,https://www.tokopedia.com/vistar518/asus-zenbook-um425ia-ryzen-7-4700u-16gb-ssd-512gb-14-win10-numpad?whid=0,18-01-2021
"Asus Zenbook UX325EA-EG552TS i5-1135G7 8GB 512GB SSD 13"" FHD Win10 OHS",14.925.000,Jakarta Pusat,3,https://www.tokopedia.com/clicknetcom/asus-zenbook-ux325ea-eg552ts-i5-1135g7-8gb-512gb-ssd-13-fhd-win10-ohs?whid=0,18-01-2021
ASUS ZenBook UX325JA-BM502T,14.299.000,Denpasar,1,https://www.tokopedia.com/ckcomputer/asus-zenbook-ux325ja-bm502t?whid=0,18-01-2021
Zenbook ASUS UX325JA BM701T i7 1065G7 16GB 512 SSD W10+OHS 13.3FHD,17.799.000,Jakarta Pusat,1,https://www.tokopedia.com/applemacstore/zenbook-asus-ux325ja-bm701t-i7-1065g7-16gb-512-ssd-w10-ohs-13-3fhd?whid=0,18-01-2021
Asus Zenbook UX431FL i7 10510 8GB 512ssd MX250 2GB W10 14.0FHD,14.249.000,Jakarta Utara,3,https://ta.tokopedia.com/promo/v1/clicks/8a-xgVY2gmUE6AJaHsed6AUDUMVj9RzNrc1i6sJDUSC5rfB7q3YXUsthbm-7q3OBUsthosJF6_eNo_nhbm-srcHi6sHOHmFiy3zwrfo5rM1i6sJaoAnXHprfbm-pHOYDQfri6i-B812kgJxGgBBXZSgjH7NDZ325q1O2oIxvucH7_1z-8JY1ypzozJBd_OzSq1hAZM2jZJ2Myp-3qcoW_MY-qMY2_uzCP1Y1gRPo8MWN_uzuHjYJ39B68BJhZ3BRq3JausujHsBN3jyN8Bja69Bq17jfZ32Cq1hAZSuiHsuk3Bo-ojBkqpCguVBd3uzjQ1h1yRBouVV7_jzuHuB2H3xguJNk_VPqQuB9uMB6u7uR3M26Q1N2Z9o-Q_BNyuPjrc-D63Wq3J-MyuPzq1Y2Z9P-q9P2ysoGrVtaQIuyH7-Nys-ZHujp1MgxuOV2_fB-P7B2PfBiH72F3s-DPuKp_MYiH7-MyuPzq1Y2Z9P-q9P2yOx3QcoXQcgjz7gXyRB-ojBD_jgZHAVcuchZgBouo1u983ztypo38jBUrchiQ12fys-pQBxy8AxizJNM_920oJOX8AxizJ2pysoj6cgc_jgZHAVcuchZgB-uo1x983ztypo38jBUrchiQ12fys-pQBxy8AxizJgpysoj6cgIPI2qufedgjx6Hc-_Z9o-QjNkysoGQVKaZSBiHfzE3Bo-ojBkZ_-oepeF_7zuH1OJqRPozcPR_jzCH1NAZ9o-QjNkysoGQVKp_Mhg3J2ky1o-ojBkZ_o6epep_7zz81OJ3_uozVuN_S2-8jN2Zsjibm-Orfua9fBjUstiHmUDUSoBrRo2QfNwq3ei6i-Xq7-XoVHO_jNIyj--yRgDe9zg_cNg3_gX81P3gcYezsx5g1PyqsCv172-P7VkejO0uAxhzV-y17xDP31auuVZ8326Q_gI1BnOzuub1jjRQjxM13u98sBu3ACtQ7oAyMW6Q7OtuuBUupnf_OPoo1WU3IBcZAzWZsV_ZOra1_r7HmUDUMVDgaUEUSo7QuY0rfuS9fFp9fFa9fFhUiFiQSuWyMua9fYM9fVjraUEH_1DUMNOQ3-BrBYxgIowrMuhUstaHmFiyfV79fBjraUE3pUNoaFp6Ae7bAHN6A-Pbm-X9foxQMz2gcV7guYxgIHi6sJObm-xyBY7g9o7Usti_iUDUSC5rRzwy3hSUstiyRCs9RotQRCwP3NhUiFiPMuarfB5QiUEUSyaUiFiyfhOrRzBrBY2gVYfHiUE6_eRoiFiyfV7g3P5rSBwrRuSgfupPVYxPIzaq3-OPc1i6BDiHpjdHiUDUsHN6AeibmUp6_KfUiFiHpyibmU7HAndUBOY?t=desktop&r=https%3A%2F%2Fwww.tokopedia.com%2Fmimomart%2Fasus-zenbook-ux431fl-i7-10510-8gb-512ssd-mx250-2gb-w10-14-0fhd%3Fsrc%3Dtopads&keywords=asus+zenbook&management_type=1&dv=desktop&src=search&is_search=1&page=5&ob=23,18-01-2021
Asus Zenbook UX431FL - i7 10510U 8GB 512ssd MX250 2GB WINDOWS 10,14.199.000,Jakarta Utara,3,https://ta.tokopedia.com/promo/v1/clicks/8a-xgVY2gmUE6AyOHAUF6ArDUMVj9RzNrc1i6sJDUSC5rfB7q3YXUstabm-7q3OBUsthosJF6_eNo_nhbm-srcHi6seFHmFiy3zwrfo5rM1i6sJh6_JX6AeN6ZFirpowQcYSUstig9BGqMzUZMggQj2fgAo6QJBkQfBoe7BpZ3O6HcoD692qu7gN3_-Sq1Y2Z9P-q9P2y_-3o3ea69BqzsBE3_UN8u2_Z_g-qjV2_JoGP3Uao32q17jfZ320HVB139xguczW_Vzs81O119z6zV1h33jhqVB1_M2HuO2W3uP3q1N9z9PqqjNW_MB-r7BW69BxufzFyMFNqO2yeMgxuOV2_fB-P7B2PfBiH72F3s-DPuKpeSBiHBUh3_oZgMV913Bvq1BRZ3BRq3UpZSCqHMhO3Ao6QfUpeMgxuOV2_fB-P7B2PfBs3VgDyfNDgMzIzMNs81jfZ3h6zBUFH1g1QV-M1O1OzuPNgcxsHOgEZ1xFQc-WZSgiHSoX3Vxd6c-J_Mgo8MD7_3Nd6c-JZSoiHfedgjg6zBUFH1g1QV-M1B1OZVPNgcxsHOgEZ1xFQc-WZSgiHSoX3Vxd6c-JzSoiHfedgjP78B29gAxMZJdFyBo-r7BX_M2iH72D3A-G83UpgI2q17jfZ32-HjYAoAVvzJON_32s8JY1__C6zcWEZ3BRq3Ha_SgsQugMyp-3qcoW_MY-qMY2_32gHJhke926zJJp_OzSP7NEyRxvuJB2gBJYvZUDUSupg9-wq3ei6iUFUiFirfuprfB5QBY2gmUEUMN0eMd71pu6_jPiejBsPMhCPVBHQBBgoMNNzOgjQOCc6cYBzOxkHJY_ZjBRe32m_3W16IVJ1Bx_ZchOg_-u1u-NqjNWojPZ1AuVu1WZZ_PXZcgzguPE6uuyHcx5e7oiq7N5_3xu31x9HAgvu77OZ7xy81gUocOGHuobup-zopeFUiFiy3hSUstirRzW9fWpg3PwQAowQA-wQAJibm-XP3Oig9-wQfgwy3zpUsthoZFiQSuWyMua9fVjrOYag9Ji6sUFbm-sy9zwq3zpUs2QHsjRbAHdoAeDHpjdHB7DUMNwyfVXgcBjy9zB9fVjraUEH_1DUMVi9RzBrRei6i-6UiFircYpPVYxQcri6i-srcowrfx5rVYOQSJibm-fg9-pq3YXUstiPsUibm-sQIupPcua9fBj9RyaUstaHpKRHiFiyfV7g3P5rSBwrRuSgfupPVYxPIzaq3-OPc1i6BDiHpjdHiUDUsHN6AeibmUp6_KfUiFiHpyibmU7HAndUBOY?page=5&dv=desktop&keywords=asus+zenbook&ob=23&management_type=1&t=desktop&is_search=1&src=search&r=https%3A%2F%2Fwww.tokopedia.com%2Ftoptech%2Fasus-zenbook-ux431fl-i7-10510u-8gb-512ssd-mx250-2gb-windows-10%3Fsrc%3Dtopads,18-01-2021
LAPTOP ASUS ZENBOOK UX325EA EG551TS/Core i5 1135G7/8GB/SSD 512GB,15.263.200,Surabaya,1,https://ta.tokopedia.com/promo/v1/clicks/8a-xgVY2gmUEopjO6_ya6_eDUMVj9RzNrc1i6sJDUSC5rfB7q3YXUstpbm-7q3OBUsthosJF6_eNo_nhbm-srcHi6sUfHaFiy3zwrfo5rM1i6sJh6AnX6_rhomFirpowQcYSUstig9BGqMzUZMggQj2fgAo6QJBkQfBoe7BpZ3O6HcoD692qu7gN3_-Sq1Y2Z9xHqBu2_JoGrB2yQAoiH7203Ao6qMUpZMh-qMY2_1o-r7BWo9giQ1NDZ325q1Y11Mx6qjgt_s-gPJNEZ9x6epnF_Bz3q1h9zMxoHjO73MOqqV29Z_VguJ-W__-gHjB2PfBiH72F3s-DPuKa1MhszsBF3jo-ojBke3BHe72fyfODQMV9o3gsZJ2f3jx3qMzc69Cqe7jfZ32Cq1hAZSgsQ3hXyurOgMHaqIgszsBF3jo-ojBke3BHe72dgVP383u36_CgufzEZ325qu1Fujx1uugvujyNZBz01M-GHjgEgVxogfuWuSugQ_Bfy9BjgcgU8IooH_xE_OzS83gU8IooQ9xfgAod6V1Fujx1uugvujyNzBz0gc-GHjgEgVxogfuWuSugQ_Bfy9BjgcgU8IoouRxfgAod6cJp_MhqHRKdypoZPJB2PfBsHjNfyfO3gBBXZSgjH7NDZ325q1Oku_zHqBj7_1zSo1YJ3_u6qjjO_92CH7B2PfBsHjNfyfO3gMHauMxsQ1N5Z325q1Ok39xHqBBN_jzVH1Ok3_uozJuE_Oz-q3gzv_7ibm-Orfua9fBjUstiHmUDUSoBrRo2QfNwq3ei6i-Xq7-XoVHO_jNIyj--yRgDe9zg_cNg3_gX81P3gcYezsx5g1PyqsCv172-P7VkejO0uAxhzV-y17xDP31auuVZ8326Q_gI1BnOzuub1jjRQjxM13u98sBu3ACtQ7oAyMW6Q7OtuuBUupnf_OPoo1WU3IBcZAzWZsV_ZOra1_r7HmUDUMVDgaUEUSo7QuY0rfuS9fFp9fFa9fFhUiFiQSuWyMua9fYM9fVjraUEH_1DUMNOQ3-BrBYxgIowrMuhUstaHmFiyfV79fBjraUE3pUNoaFp6Ae7bAHN6A-Pbm-X9foxQMz2gcV7guYxgIHi6sJObm-xyBY7g9o7Usti_iUDUSC5rRzwy3hSUstiyRCs9RotQRCwP3NhUiFiPMuarfB5QiUEUSyaUiFiyfhOrRzBrBY2gVYfHiUEH_H7HpHDUMoxPcuSQR-N9RoOgfPBrRzwy9z7rMBiP9zBUs2QUsHN6AUibmUp6_K7UiFiHpjdoiUDUsHfUiFioAnF6m-Pwe?page=5&t=desktop&dv=desktop&src=search&management_type=1&is_search=1&keywords=asus+zenbook&ob=23&r=https%3A%2F%2Fwww.tokopedia.com%2Fmkpaccessories%2Flaptop-asus-zenbook-ux325ea-eg551ts-core-i5-1135g7-8gb-ssd-512gb%3Fsrc%3Dtopads,18-01-2021
Asus Zenbook Duo UX481FA i5 10210U Ram 8GB SSD 512GB Not UX481FL i7,17.050.000,Tangerang Selatan,1,https://ta.tokopedia.com/promo/v1/clicks/8a-xgVY2gmUE6A1hHAH7HpJDUMVj9RzNrc1i6sJDUSC5rfB7q3YXUst7bm-7q3OBUsthosJF6_eNo_nhbm-srcHi6seFHmFiy3zwrfo5rM1i6srhoidf6_rdbm-pHOYDQfri6i-B812kgJxGgBBXZSgjH7NDZ325q1OAZ9o-Q1dFyfFN8B29zSBgHMP2_fB-81N2oA-6qBja_M2gHjNk3_-6qBja_M2Sq1hAZS-q3cFpysoGqOKp_M2iH72DZ325q1OAZ9o-Q_ufyMO6QJBkQfBvuV-t_M2cqJda39z68jBd_jHFHJN1uMBHu7gt__-oPV2W3Mxqu7jh3uzmQ17a3_--q9P2ysoGrVtaQIuyHB-Dy7yNrV2AZ_g-qjV2_JoGPMoWQcNxupuMy7xGPB2UuM2jzsBF3jo-ojBke3BHe72fyfODQMV9o3gsHMxfy7yNrV2AZ_g-qjV2_JoG8cz9uSBBusjF3uPj8jBkQfBizJNM_920oJNU8AxuHVgUuVu3_Ogc6121qO-iZs-c8Mzy_3PBQugO337NPMVNgczMZIxp_3OdPMep8AxuHVgUuVu3_Ogc61g1qfziZs-c8Mzy_3PBQugO337NPMVNgczMZIxp_uPdPMep8AxxH7ND3sod6cHp1Sz-q9P2yp-6PMoWuMggQj2fgAo6QJBkQfBoqB17_c2uHjNJu_ovuJJF_S2z81Y_Z9o-QjNkysoGQVKp_Mhg3J2ky1o-ojBk_9P6q_e7_1zuH1Nkypo6uVVN_jz0H7N_Zsjibm-Orfua9fBjUstiHmUDUSoBrRo2QfNwq3ei6i-Xq7-XoVHO_jNIyj--yRgDe9zg_cNg3_gX81P3gcYezsx5g1PyqsCv172-P7VkejO0uAxhzV-y17xDP31auuVZ8326Q_gI1BnOzuub1jjRQjxM13u98sBu3ACtQ7oAyMW6Q7OtuuBUupnf_OPoo1WU3IBcZAzWZsV_ZOra1_r7HmUDUMVDgaUEUSo7QuY0rfuS9fFp9fFa9fFhUiFiQSuWyMua9fYM9fVjraUEH_1DUMNOQ3-BrBYxgIowrMuhUstaHmFiyfV79fBjraUE3pUNoaFp6Ae7bAHN6AzPbm-X9foxQMz2gcV7guYxgIHi6sJObm-xyBY7g9o7Usti_iUDUSC5rRzwy3hSUstiyRCs9RotQRCwP3NhUiFiPMuarfB5QiUEUSyaUiFiyfhOrRzBrBY2gVYfHiUEH_H7HpHDUMoxPcuSQR-N9RoOgfPBrRzwy9z7rMBiP9zBUs2QUsHN6AUibmUp6_K7UiFiHpjdoiUDUsHfUiFioAnF6m-Pwe?keywords=asus+zenbook&dv=desktop&page=5&t=desktop&r=https%3A%2F%2Fwww.tokopedia.com%2Fhayrul17%2Fasus-zenbook-duo-ux481fa-i5-10210u-ram-8gb-ssd-512gb-not-ux481fl-i7%3Fsrc%3Dtopads&is_search=1&management_type=1&ob=23&src=search,18-01-2021
Asus Zenbook Q407iQ Ryzen 5 4500 8GB 256ssd MX350 2GB 14FHD W10 - 256GB,10.799.000,Jakarta Utara,1,https://ta.tokopedia.com/promo/v1/clicks/8a-xgVY2gmUEopHF6_jfosHDUMVj9RzNrc1i6sJDUSC5rfB7q3YXUstObm-7q3OBUsthosJF6_eNo_nhbm-srcHi6seFHmFiy3zwrfo5rM1i6sya6mdfHsUpbm-pHOYDQfri6i-B812kgJxGgBBXZSgjH7NDZ325q1OAZ9o-Q1dFyfFN8B29zSBgHMP2_fB-P7B2PfBxHByOgAUN8u2c692gHsBN3Bo-ojBke3BHe72OysUOqB2_Z_g-qMDF3uzg8VB1gcOHucoN_uzzPJNJu_Vgq_Vt3uz6qjh93MOguOg2_BPVPO2k_MO6q1BpZ37N83V9gICiQAB03BxmgMV913Bvq1BRZ3BRq3UpZSCqHMhO3Aom83Ua1sVgHO-MyuPzq1Y2Z9P-q9P2ysoGrVtaQIuyH7N5ysomgMV913Bvq1BRZ3BRq3oyuMhsQMhMgJPcQMoNZ_g-Q9PE3I2oo1YJ1sxMzjNc1snhzBzD1Mg_u_uVuRBjqcHpuS2-ZICDyMOGPMUarfNy3IKdyjzGrfUpgAxMzjNc1snhzBzD1MgZu_uUuRBjqcHpuS2-ZICDyMOGPMUarfNy3IKdyjzcrfUpgAxMzRzE3BPj6cgU_sCi17BpZ3N6qMUpZMhyHj2Nysoj8B2_Z_g-qjjh_Sj7H1O1qRP68Mr7_S2Co1Y1gRx6q1BpZ3N6qMUpZMhyH7ND3uxGqMVAZ_g-qjja_OH78JOJZ9PoqjBd_S2VHjO1e9B6q1tNUiFiP9oBrBY2gmUEUsnibm-pg9opq3YX9fBjUstiQMWmQsz_o1N6zf-mZ3ofQJV731hX3ujfQSBIuMz51JydQfuI3ctF_OoGZ9PCqj-oqOedr1zZ3VoUQIuBHBuz1SBk_M7fzO-eo1uuZO--ofNUgBVBuRtNuuKFqcYAef-0_MYoqVugZVrFojY9__ubZVxNzjK7Q1th17W9HBJRoAnibm-xQcri6i-pPcOwqRoBgOYDHOYDHBYDHZUDUMNOQ3-BrBY5gBYxgIHi6sJObm-XP3Oig9-wy3zp9R-BrZUEHsnDUMoxPVY2gIHi6BDa6_rDHpK7omFp6_K79ZFiQBYsy3Njq3zxPcuwy3zpUsthoZFiy3-wPcupPmUEUjdibm-FQRo79fVDgaUEUMoFyOYpqcYF9RuXrZUDUSgBrSo2Qfdi6i-fHiUDUMoDP9o7g9-wq3zwPsUi6sUp6Arabm-sy9zBgfYa8uYpP3PSg9o79fV7PI-2ySu7gZUE3aUp6_KaUiFiHpjdomUDUsHN6AyibmUpoiUDUseFHAKi997?r=https%3A%2F%2Fwww.tokopedia.com%2Frogsstoreid%2Fasus-zenbook-q407iq-ryzen-5-4500-8gb-256ssd-mx350-2gb-14fhd-w10-256gb%3Fsrc%3Dtopads&src=search&keywords=asus+zenbook&t=desktop&dv=desktop&page=5&management_type=1&ob=23&is_search=1,18-01-2021
ASUS ZENBOOK Q407IQ BR5N4 R5 4500 8GB 256SSD MX350 2GB FHD W10,11.499.000,Kab. Tangerang,1,https://www.tokopedia.com/generalcomp/asus-zenbook-q407iq-br5n4-r5-4500-8gb-256ssd-mx350-2gb-fhd-w10?whid=0,18-01-2021
ASUS ZENBOOK 14-RYZEN 5-4500U-8GB-256GB SSD-MX350-2GB-14 FHD-WIN10HOME,11.720.000,Bekasi,1,https://www.tokopedia.com/knkcempakamas/asus-zenbook-14-ryzen-5-4500u-8gb-256gb-ssd-mx350-2gb-14-fhd-win10home?whid=0,18-01-2021
ASUS ZenBook Flip UX461FN i5-8265U 8GB 512GB SSD MX150 2GB W10,13.700.000,Kab. Bangka,1,https://www.tokopedia.com/gudanggede/asus-zenbook-flip-ux461fn-i5-8265u-8gb-512gb-ssd-mx150-2gb-w10?whid=0,18-01-2021
ASUS ZENBOOK UX433FAC A501T i5 10210U 8GB 512ssd W10 14FHD,14.200.000,Jakarta Utara,1,https://www.tokopedia.com/gm-comp/asus-zenbook-ux433fac-a501t-i5-10210u-8gb-512ssd-w10-14fhd?whid=0,18-01-2021
Asus Zenbook UX333FAC-A501T/A5012T i5 10210 8GB 512ssd 13.3FHD NumPad,13.399.000,Jakarta Utara,1,https://www.tokopedia.com/seits/asus-zenbook-ux333fac-a501t-a5012t-i5-10210-8gb-512ssd-13-3fhd-numpad-biru?whid=0,18-01-2021
Laptop Asus Zenbook UX431FL EH74 i7 10510 8GB 512ssd MX250 2GB W10,14.199.000,Depok,1,https://www.tokopedia.com/herlinacom/laptop-asus-zenbook-ux431fl-eh74-i7-10510-8gb-512ssd-mx250-2gb-w10?whid=0,18-01-2021
LAPTOP ASUS ZENBOOK UM425IA RYZEN 5-4500U 8GB 512GB 14” W10 NUMPAD,12.500.000,Tangerang,5,https://www.tokopedia.com/fastkomputer-1/laptop-asus-zenbook-um425ia-ryzen-5-4500u-8gb-512gb-14-w10-numpad-501s-grey?whid=0,18-01-2021
Asus Zenbook 14 UM425IA AM501S Ryzen 5 4500U|8GB|512GB|14inch|W10 OHS,13.599.000,Makassar,1,https://www.tokopedia.com/superlarisit/asus-zenbook-14-um425ia-am501s-ryzen-5-4500u-8gb-512gb-14inch-w10-ohs?whid=0,18-01-2021
LAPTOP Asus Zenbook UM425IA Ryzen 5 4500 8GB 512ssd Vega6 - AM501S,12.699.000,Jakarta Utara,3,https://www.tokopedia.com/greetmart/laptop-asus-zenbook-um425ia-ryzen-5-4500-8gb-512ssd-vega6-am501s?whid=0,18-01-2021
Asus Zenbook Flip UM462DA-AI701T AMD R7 3700U 8Gb 512GB Radeon Vega 1,14.349.000,Jakarta Pusat,5,https://www.tokopedia.com/royallcom/asus-zenbook-flip-um462da-ai701t-amd-r7-3700u-8gb-512gb-radeon-vega-1?whid=0,18-01-2021
